nome,tipo,uf,municipio,latitude,longitude,fonte,fonte_url
#CAIXAlab,Laboratório de Inovação,SP,São Paulo,-23.5505,-46.6333,lisp_brasil_mapeamento,
011.Lab,Laboratório de Inovação,SP,São Paulo,-23.5505,-46.6333,lisp_brasil_mapeamento,https://011lab.prefeitura.sp.gov.br/
ANA Inova,Laboratório de Inovação,DF,Brasília,-15.7801,-47.9292,lisp_brasil_mapeamento,
BoraLab - Laboratório de Inovação de Maceió,Laboratório de Inovação,AL,Maceió,-9.6498,-35.7089,lisp_brasil_mapeamento,https://boralab.maceio.al.gov.br/
CGDFLab - Laboratório de inovação da Controladoria-Geral do Distrito Federal,Laboratório de Inovação,DF,Brasília,-15.7801,-47.9292,lisp_brasil_mapeamento,
CGU Lab,Laboratório de Inovação,DF,Brasília,-15.7801,-47.9292,lisp_brasil_mapeamento,
CINCO - Ciências Comportamentais em Governo,Laboratório de Inovação,DF,Brasília,-15.7801,-47.9292,lisp_brasil_mapeamento,
CLic – Laboratório de Inovação,Laboratório de Inovação,CE,Fortaleza,-3.7172,-38.5433,lisp_brasil_mapeamento,
coLAB-i - Laboratório de Inovação e Coparticipação,Laboratório de Inovação,DF,Brasília,-15.7801,-47.9292,lisp_brasil_mapeamento,https://portal.tcu.gov.br/colab-i/
ConnectLab,Laboratório de Inovação,SC,Florianópolis,-27.5954,-48.548,lisp_brasil_mapeamento,
Correios Lab,Laboratório de Inovação,DF,Brasília,-15.7801,-47.9292,lisp_brasil_mapeamento,
CriaSP,Laboratório de Inovação,SP,São Paulo,-23.5505,-46.6333,lisp_brasil_mapeamento,
E-LabMP - MPMT,Laboratório de Inovação,MT,Cuiabá,-15.6014,-56.0979,lisp_brasil_mapeamento,
EITA!Recife,Laboratório de Inovação,PE,Recife,-8.0476,-34.877,lisp_brasil_mapeamento,
Embratur Lab,Laboratório de Inovação,RJ,Rio de Janeiro,-22.9068,-43.1729,lisp_brasil_mapeamento,
Epicentro - Hub de inovação,Laboratório de Inovação,ES,Vitória,-20.3155,-40.3128,lisp_brasil_mapeamento,
ESAP Lab - Laboratório de Criatividade e Inovações em Políticas Públicas,Laboratório de Inovação,SP,São Paulo,-23.5505,-46.6333,lisp_brasil_mapeamento,https://www.guarulhoshoje.com.br/2020/12/09/esap-completa-15-anos-qualificando-milhares-de-servidores/
FELICILAB - Laboratório de Inovação no SUS do Ceará,Laboratório de Inovação,CE,Fortaleza,-3.7172,-38.5433,lisp_brasil_mapeamento,
Flores Inovadora,Laboratório de Inovação,RS,Porto Alegre,-30.0346,-51.2177,lisp_brasil_mapeamento,
GentiLAB,Laboratório de Inovação,SP,São Paulo,-23.5505,-46.6333,lisp_brasil_mapeamento,
Gnova Lab,Laboratório de Inovação,DF,Brasília,-15.7801,-47.9292,lisp_brasil_mapeamento,
HUBSSP/SC - Laboratório de Inovação em Segurança Pública,Laboratório de Inovação,SC,Florianópolis,-27.5954,-48.548,lisp_brasil_mapeamento,
iLAB DPRJ,Laboratório de Inovação,RJ,Rio de Janeiro,-22.9068,-43.1729,lisp_brasil_mapeamento,
iMPacta Lab,Laboratório de Inovação,AM,Manaus,-3.119,-60.0217,lisp_brasil_mapeamento,
IMPulsoLab,Laboratório de Inovação,SC,Florianópolis,-27.5954,-48.548,lisp_brasil_mapeamento,
INOVA - MPRJ,Laboratório de Inovação,RJ,Rio de Janeiro,-22.9068,-43.1729,lisp_brasil_mapeamento,
INOVA MPRJ,Laboratório de Inovação,RJ,Rio de Janeiro,-22.9068,-43.1729,lisp_brasil_mapeamento,
INOVA PRF,Laboratório de Inovação,DF,Brasília,-15.7801,-47.9292,lisp_brasil_mapeamento,
Inovadoria,Laboratório de Inovação,RJ,Rio de Janeiro,-22.9068,-43.1729,lisp_brasil_mapeamento,
InovaEscola - Laboratório de Aprendizagem e de Transformação,Laboratório de Inovação,DF,Brasília,-15.7801,-47.9292,lisp_brasil_mapeamento,
iNovaRN – Laboratório de Inovação em Gestão Pública do RN,Laboratório de Inovação,RN,Natal,-5.7945,-35.211,lisp_brasil_mapeamento,
InovEgov - Laboratório de Inovação da Escola de Governo do Distrito Federal,Laboratório de Inovação,DF,Brasília,-15.7801,-47.9292,lisp_brasil_mapeamento,
ÍRIS - Laboratório de Inovação e Dados do Governo do Ceará,Laboratório de Inovação,CE,Fortaleza,-3.7172,-38.5433,lisp_brasil_mapeamento,
L.I.A - Laboratório de Inovação em Auditoria,Laboratório de Inovação,DF,Brasília,-15.7801,-47.9292,lisp_brasil_mapeamento,
La-Bora! Gov,Laboratório de Inovação,DF,Brasília,-15.7801,-47.9292,lisp_brasil_mapeamento,
Lab Fiscal - Laboratório de Aceleração de Resultados e Inovação Fiscal,Laboratório de Inovação,AL,Maceió,-9.6498,-35.7089,lisp_brasil_mapeamento,
Lab InovANAC,Laboratório de Inovação,DF,Brasília,-15.7801,-47.9292,lisp_brasil_mapeamento,
LAB-COMP - Laboratório de inovação em Compras Públicas,Laboratório de Inovação,DF,Brasília,-15.7801,-47.9292,lisp_brasil_mapeamento,
LAB-i VISA - Laboratorio de Inovação da ANVISA,Laboratório de Inovação,DF,Brasília,-15.7801,-47.9292,lisp_brasil_mapeamento,
Lab-ID - Laboratório de Ideias Legislativas,Laboratório de Inovação,SP,São Paulo,-23.5505,-46.6333,lisp_brasil_mapeamento,https://sistemas.camarapiracicaba.sp.gov.br/labid/
LAB.ges - Laboratório de Inovação na Gestão,Laboratório de Inovação,ES,Vitória,-20.3155,-40.3128,lisp_brasil_mapeamento,
LAB.ges - Laboratório de Inovação na Gestão do ES,Laboratório de Inovação,ES,Vitória,-20.3155,-40.3128,lisp_brasil_mapeamento,
LAB.mg - Laboratório de Inovação do Governo de Minas,Laboratório de Inovação,MG,Belo Horizonte,-19.9167,-43.9345,lisp_brasil_mapeamento,
LabEg - Laboratório de Aprendizagem e Inovação,Laboratório de Inovação,MT,Cuiabá,-15.6014,-56.0979,lisp_brasil_mapeamento,
LabGES-DF - Laboratório de Inovação em Gestão Administrativa,Laboratório de Inovação,DF,Brasília,-15.7801,-47.9292,lisp_brasil_mapeamento,
LabGov - Laboratório de Inovação em Contratos Públicos e Governo,Laboratório de Inovação,PB,João Pessoa,-7.1195,-34.845,lisp_brasil_mapeamento,
LABHacker,Laboratório de Inovação,DF,Brasília,-15.7801,-47.9292,lisp_brasil_mapeamento,https://labhackercd.leg.br/
LABHINOVA - Laboratório Hacker de Inovação,Laboratório de Inovação,DF,Brasília,-15.7801,-47.9292,lisp_brasil_mapeamento,https://www.cl.df.gov.br/labhinova
LABIC - Laboratório de Inovação Cidadã,Laboratório de Inovação,RJ,Rio de Janeiro,-22.9068,-43.1729,lisp_brasil_mapeamento,
Labifor - Laboratório de Inovação de Fortaleza,Laboratório de Inovação,CE,Fortaleza,-3.7172,-38.5433,lisp_brasil_mapeamento,
LABIGOV - Laboratório de Inovação em Governo da EGMA,Laboratório de Inovação,MA,São Luís,-2.5307,-44.3068,lisp_brasil_mapeamento,
LabiLá – Laboratório de Inovação Governamental e Social de Lajeado,Laboratório de Inovação,RS,Porto Alegre,-30.0346,-51.2177,lisp_brasil_mapeamento,https://www.instagram.com/labilajeado/
Labinova MPRN,Laboratório de Inovação,RN,Natal,-5.7945,-35.211,lisp_brasil_mapeamento,
LABITSS - Laboratório de Inovação Tecnológica e Social na Saúde,Laboratório de Inovação,RJ,Rio de Janeiro,-22.9068,-43.1729,lisp_brasil_mapeamento,
LabLeg - Laboratório de Inovação da Câmara Municipal de Sorocaba,Laboratório de Inovação,SP,São Paulo,-23.5505,-46.6333,lisp_brasil_mapeamento,
LABNIT - Laboratório de Inovação de Niterói,Laboratório de Inovação,RJ,Rio de Janeiro,-22.9068,-43.1729,lisp_brasil_mapeamento,http://egg.seplag.niteroi.rj.gov.br/labnit/
Laboratorio de Inovação da ANVISA - LAB-i VISA,Laboratório de Inovação,DF,Brasília,-15.7801,-47.9292,lisp_brasil_mapeamento,
Laboratório de Inovação da Câmara Municipal de Sorocaba - LabLeg,Laboratório de Inovação,SP,São Paulo,-23.5505,-46.6333,lisp_brasil_mapeamento,http://www.camarasorocaba.sp.gov.br/page.html?id=615b3402344118fff9e9a9e9
Laboratório de Inovação da MTI,Laboratório de Inovação,MT,Cuiabá,-15.6014,-56.0979,lisp_brasil_mapeamento,
Laboratório de Inovação da PGE-MT,Laboratório de Inovação,MT,Cuiabá,-15.6014,-56.0979,lisp_brasil_mapeamento,
Laboratório de Inovação do FNDE,Laboratório de Inovação,DF,Brasília,-15.7801,-47.9292,lisp_brasil_mapeamento,
Laboratório de Inovação do ICTB,Laboratório de Inovação,RJ,Rio de Janeiro,-22.9068,-43.1729,lisp_brasil_mapeamento,
Laboratório de Inovação do Ministério Público do Maranhão,Laboratório de Inovação,MA,São Luís,-2.5307,-44.3068,lisp_brasil_mapeamento,
Laboratório de Inovação do Setor Público da CGE-PE,Laboratório de Inovação,PE,Recife,-8.0476,-34.877,lisp_brasil_mapeamento,
Laboratório de Inovação do TCDF,Laboratório de Inovação,DF,Brasília,-15.7801,-47.9292,lisp_brasil_mapeamento,
Laboratório de Inovação e Produtos Previdenciários da Funpresp,Laboratório de Inovação,SP,São Paulo,-23.5505,-46.6333,lisp_brasil_mapeamento,
Laboratório de Inovação Financeira,Laboratório de Inovação,RJ,Rio de Janeiro,-22.9068,-43.1729,lisp_brasil_mapeamento,
Labori,Laboratório de Inovação,DF,Brasília,-15.7801,-47.9292,lisp_brasil_mapeamento,
LabPDI - Laboratório de Pesquisa Desenvolvimento e Inovação - PGE-MS,Laboratório de Inovação,MS,Campo Grande,-20.4697,-54.6201,lisp_brasil_mapeamento,
LabPIÁ RS - Laboratório de Inovação Aberta,Laboratório de Inovação,RS,Porto Alegre,-30.0346,-51.2177,lisp_brasil_mapeamento,
LabPrev - Laboratório de Inovação do INSS,Laboratório de Inovação,DF,Brasília,-15.7801,-47.9292,lisp_brasil_mapeamento,
LabRE-SET - Laboratório de Inovação da SEET-RN,Laboratório de Inovação,RN,Natal,-5.7945,-35.211,lisp_brasil_mapeamento,
LabSin - Laboratório Sinova,Laboratório de Inovação,MT,Cuiabá,-15.6014,-56.0979,lisp_brasil_mapeamento,
LabTAR - Laboratório de Tecnologias de Apoio a Redes de Inovação,Laboratório de Inovação,ES,Vitória,-20.3155,-40.3128,lisp_brasil_mapeamento,
LabTech RS - Laboratório de Inovação em TIC do RS,Laboratório de Inovação,RS,Porto Alegre,-30.0346,-51.2177,lisp_brasil_mapeamento,
LAIS - Laboratório de Inovação Tecnológica em Saúde,Laboratório de Inovação,RN,Natal,-5.7945,-35.211,lisp_brasil_mapeamento,
LAPI - Laboratório Pedagógico de Inovação,Laboratório de Inovação,PR,Curitiba,-25.4284,-49.2733,lisp_brasil_mapeamento,https://educacao.curitiba.pr.gov.br/conteudo/laboratorio-pedagogico-de-inovacao-lapi/11812
LexLab - Laboratório de Inovação Legal da PGE,Laboratório de Inovação,AC,Rio Branco,-9.9754,-67.8249,lisp_brasil_mapeamento,
LIC - Laboratório de Inovação em Controle,Laboratório de Inovação,CE,Fortaleza,-3.7172,-38.5433,lisp_brasil_mapeamento,https://ipc.tce.ce.gov.br/pesquisa-e-inovacao/lic/apresentacao
LIFT - Laboratório de Inovações Financeiras e Tecnológicas,Laboratório de Inovação,DF,Brasília,-15.7801,-47.9292,lisp_brasil_mapeamento,
LIGA - Laboratório de Inovação em Governo Aberto de Mogi das Cruzes,Laboratório de Inovação,SP,São Paulo,-23.5505,-46.6333,lisp_brasil_mapeamento,https://liga.sp.gov.br/
LIGO - Laboratório de Inovação Goiás,Laboratório de Inovação,GO,Goiânia,-16.6869,-49.2648,lisp_brasil_mapeamento,
LIIA - Laboratório de Inovação em Inteligência Artificial,Laboratório de Inovação,DF,Brasília,-15.7801,-47.9292,lisp_brasil_mapeamento,
LIIA - Laboratório de Inovação em Inteligência Artificial (LIIA) - ENAP,Laboratório de Inovação,DF,Brasília,-15.7801,-47.9292,lisp_brasil_mapeamento,
Lince - Laboratório de Inovação do Controle Externo,Laboratório de Inovação,SC,Florianópolis,-27.5954,-48.548,lisp_brasil_mapeamento,https://www.tcesc.tc.br/content/lince
Linegov - Laboratório de Inovação e Estratégia em Governo,Laboratório de Inovação,DF,Brasília,-15.7801,-47.9292,lisp_brasil_mapeamento,
Linguagem Simples Lab,Laboratório de Inovação,DF,Brasília,-15.7801,-47.9292,lisp_brasil_mapeamento,
Lino - Laboratório de Inovação do Instituto de Tecnologia da Informação e Comunicação,Laboratório de Inovação,ES,Vitória,-20.3155,-40.3128,lisp_brasil_mapeamento,
LINO - Laboratório de Inovação MP-CE,Laboratório de Inovação,CE,Fortaleza,-3.7172,-38.5433,lisp_brasil_mapeamento,
LIPi - Laboratório de Inovação Tecnológica do Piauí,Laboratório de Inovação,PI,Teresina,-5.0892,-42.8019,lisp_brasil_mapeamento,
LISP CGE PE,Laboratório de Inovação,PE,Recife,-8.0476,-34.877,lisp_brasil_mapeamento,
Living Lab POA,Laboratório de Inovação,RS,Porto Alegre,-30.0346,-51.2177,lisp_brasil_mapeamento,
Lumina - Laboratório de Inovação da Alesc,Laboratório de Inovação,SC,Florianópolis,-27.5954,-48.548,lisp_brasil_mapeamento,https://www.alesc.sc.gov.br
MPLabs - Laboratório de Inovação Tecnológica e de Negócios do MP-PE,Laboratório de Inovação,PE,Recife,-8.0476,-34.877,lisp_brasil_mapeamento,
MPRS.Labs - Laboratório de Dados e Inovação do MPRS,Laboratório de Inovação,RS,Porto Alegre,-30.0346,-51.2177,lisp_brasil_mapeamento,
NauLab - Laboratório de Inovação de Blumenau,Laboratório de Inovação,SC,Florianópolis,-27.5954,-48.548,lisp_brasil_mapeamento,
NIDUS - Laboratório de Inovação de Santa Catarina,Laboratório de Inovação,SC,Florianópolis,-27.5954,-48.548,lisp_brasil_mapeamento,
Pátio Digital,Laboratório de Inovação,SP,São Paulo,-23.5505,-46.6333,lisp_brasil_mapeamento,http://patiodigital.prefeitura.sp.gov.br/
PequiLab - Laboratório de Inovação e Desenvolvimento de Pessoas,Laboratório de Inovação,GO,Goiânia,-16.6869,-49.2648,lisp_brasil_mapeamento,
PGInova - PGE RJ,Laboratório de Inovação,RJ,Rio de Janeiro,-22.9068,-43.1729,lisp_brasil_mapeamento,
Polen - Laboratório de Inovação em Gestão Pública,Laboratório de Inovação,RJ,Rio de Janeiro,-22.9068,-43.1729,lisp_brasil_mapeamento,
Prisma - Laboratório de Inovação do TC-PE,Laboratório de Inovação,PE,Recife,-8.0476,-34.877,lisp_brasil_mapeamento,https://prisma.tce.pe.gov.br
Sala de Inovação Prodemge,Laboratório de Inovação,MG,Belo Horizonte,-19.9167,-43.9345,lisp_brasil_mapeamento,
SALTO MP - MPTO,Laboratório de Inovação,TO,Palmas,-10.1689,-48.3317,lisp_brasil_mapeamento,
Serra Inova+ Laboratório de Inovação da Prefeitura de Serra,Laboratório de Inovação,ES,Vitória,-20.3155,-40.3128,lisp_brasil_mapeamento,https://www.serra.es.gov.br/noticias/serra-e-o-primeiro-municipio-do-estado-a-ter-laboratorio-de-inovacao-na-gestao-publica
Smart Policing Lab - Brigada Militar do Rio Grande do Sul,Laboratório de Inovação,RS,Porto Alegre,-30.0346,-51.2177,lisp_brasil_mapeamento,
TransformaLab - Laboratório de Transformação da Gestão e dos Serviços Públicos,Laboratório de Inovação,GO,Goiânia,-16.6869,-49.2648,lisp_brasil_mapeamento,
Usina Pernambucana de Inovação,Laboratório de Inovação,PE,Recife,-8.0476,-34.877,lisp_brasil_mapeamento,
Abbott (Brazil),ICT,SP,São Paulo,-23.5475,-46.63611,openalex,https://openalex.org/I4405261284
Abili (Brazil),ICT,,São Paulo,-23.551300048828125,-46.64203643798828,openalex,https://openalex.org/I4210136025
Ablevision (Brazil),ICT,,São Carlos,-22.01703643798828,-47.89238357543945,openalex,https://openalex.org/I4210098636
Abutua Tecnologia,Universidade,,Sorocaba,-23.495569229125977,-47.504547119140625,openalex,https://openalex.org/I4210118820
AC Camargo Hospital,ICT,SP,São Paulo,-23.5475,-46.63611,openalex,https://openalex.org/I3019035496
Academia Brasileira de Audiologia,ICT,,São Paulo,-23.558385848999023,-46.65129852294922,openalex,https://openalex.org/I4210160218
Academia da Força Aérea,Universidade,,Pirassununga,-21.996110916137695,-47.42583084106445,openalex,https://openalex.org/I4210095538
Academia de Ciências do Estado de São Paulo,ICT,,São Paulo,-23.560640335083008,-46.72184753417969,openalex,https://openalex.org/I4210115762
Academia Nacional de Cuidados Paliativos,ICT,,São Paulo,-23.615158081054688,-46.693965911865234,openalex,https://openalex.org/I4210122693
Ação Educativa,ICT,SP,São Paulo,-23.5475,-46.63611,openalex,https://openalex.org/I4210098355
Accert (Brazil),ICT,,São Carlos,-22.007591247558594,-47.88185119628906,openalex,https://openalex.org/I4210115400
Aché (Brazil),ICT,SP,Guarulhos,-23.46278,-46.53333,openalex,https://openalex.org/I4210133980
Acquest (Brazil),ICT,,São Paulo,-23.553884506225586,-46.70832824707031,openalex,https://openalex.org/I4210134040
Adespec (Brazil),ICT,,São Paulo,-23.582244873046875,-46.642818450927734,openalex,https://openalex.org/I4210158230
Adiel Comercial (Brazil),ICT,,Ribeirão Preto,-21.175920486450195,-47.801883697509766,openalex,https://openalex.org/I4210130247
Administrative Council for Economic Defense,ICT,,Brasília,-15.742030143737793,-47.897499084472656,openalex,https://openalex.org/I4210120016
ADTS (Brazil),ICT,,São Paulo,-23.629859924316406,-46.70777893066406,openalex,https://openalex.org/I4210140294
Advance Soluções em Informática (Brazil),ICT,,São Paulo,-23.548782348632812,-46.632423400878906,openalex,https://openalex.org/I4210100809
Advocacia-Geral da União,ICT,DF,Brasília,-15.77972,-47.92972,openalex,https://openalex.org/I4405273078
Aeroalcool Tecnologia (Brazil),ICT,,Batatais,-20.548198699951172,-47.45729064941406,openalex,https://openalex.org/I4210121300
AES (Brazil),ICT,,Barueri,-23.50408935546875,-46.836036682128906,openalex,https://openalex.org/I4210160590
Agência Nacional de Energia Elétrica,ICT,,Brasília,-15.777947425842285,-47.872535705566406,openalex,https://openalex.org/I4210129361
Agência Nacional de Telecomunicações,ICT,DF,Brasília,-15.77972,-47.92972,openalex,https://openalex.org/I4405262834
Agência Nacional de Vigilância Sanitária,ICT,DF,Brasília,-15.77972,-47.92972,openalex,https://openalex.org/I4405271689
Agência Patrícia Galvão,ICT,,São Paulo,-23.558605194091797,-46.66001892089844,openalex,https://openalex.org/I4210098385
Agência Paulista de Tecnologia dos Agronegócios,ICT,,São Paulo,-23.648855209350586,-46.62715148925781,openalex,https://openalex.org/I4210096253
Agende Guarulhos,ICT,,Guarulhos,-23.44460105895996,-46.5069694519043,openalex,https://openalex.org/I4210121353
Agilent Technologies (Brazil),ICT,,Barueri,-23.50528907775879,-46.83808517456055,openalex,https://openalex.org/I4210129434
Agricef (Brazil),ICT,,Campinas,-22.832014083862305,-47.077659606933594,openalex,https://openalex.org/I4210087285
AgriOS (Brazil),ICT,,São Carlos,-22.008926391601562,-47.872352600097656,openalex,https://openalex.org/I4210116944
Agrisus Foundation – Sustainable Agriculture,ICT,,São Paulo,-23.561811447143555,-46.66889190673828,openalex,https://openalex.org/I4210159132
Agro Lab Plants (Brazil),ICT,,Araras,-22.347900390625,-47.39179611206055,openalex,https://openalex.org/I4210154482
AgroBio,ICT,,São Paulo,-23.5725154876709,-46.645362854003906,openalex,https://openalex.org/I4210133352
Agronomical Institute of Campinas,ICT,,Campinas,-22.892120361328125,-47.06478500366211,openalex,https://openalex.org/I4210125957
AGX Tecnologia (Brazil),ICT,,São Carlos,-22.001663208007812,-47.9193115234375,openalex,https://openalex.org/I4210113292
Akaer (Brazil),ICT,,São José dos Campos,-23.189350128173828,-45.885623931884766,openalex,https://openalex.org/I4210131118
Alchemy (Brazil),ICT,,São Paulo,-23.564899444580078,-46.735198974609375,openalex,https://openalex.org/I4210086324
Alergo Dermatologia Integrada,ICT,,São Paulo,-23.56262969970703,-46.64615249633789,openalex,https://openalex.org/I4210086297
Algae Biotecnologia (Brazil),ICT,,Piracicaba,-22.694353103637695,-47.622676849365234,openalex,https://openalex.org/I4210144171
Aliança Orgânica Soluções Ambientais (Brazil),ICT,,São Carlos,-22.007505416870117,-47.88185501098633,openalex,https://openalex.org/I4210166172
ALIS Engineering and Systems Solutions (Brazil),ICT,,Rio de Janeiro,-22.906963348388672,-43.176475524902344,openalex,https://openalex.org/I4210139088
Alpha Br Produtos Químicos (Brazil),ICT,,São Paulo,-23.667020797729492,-46.68970489501953,openalex,https://openalex.org/I4210136137
Altave (Brazil),ICT,,São José dos Campos,-23.21349334716797,-45.87640380859375,openalex,https://openalex.org/I4210103105
Altech (Brazil),ICT,,Goiânia,-16.71367835998535,-49.25274658203125,openalex,https://openalex.org/I4210110785
Amazon Research Foundation,ICT,,Belém,-1.452805995941162,-48.47578811645508,openalex,https://openalex.org/I4210098009
Ambra Solutions (Brazil),ICT,,São José dos Campos,-23.20730209350586,-45.950321197509766,openalex,https://openalex.org/I4210106120
Amnesty International Brazil,ICT,,Rio de Janeiro,-22.93403434753418,-43.180908203125,openalex,https://openalex.org/I4210124982
AMS Kepler (Brazil),ICT,,Rio de Janeiro,-23.006023406982422,-43.31122589111328,openalex,https://openalex.org/I4210146723
Anamê Health Design (Brazil),ICT,MG,Belo Horizonte,-19.92083,-43.93778,openalex,https://openalex.org/I4405254291
Ananse (Brazil),ICT,,Iperó,-23.358522415161133,-47.7040901184082,openalex,https://openalex.org/I4210157876
ANDI,ICT,,Brasília,-15.79574966430664,-47.884639739990234,openalex,https://openalex.org/I4210155689
Androfert,ICT,,Campinas,-22.876487731933594,-47.05146789550781,openalex,https://openalex.org/I4210110853
Anhanguera (Brazil),ICT,,Valinhos,-22.963865280151367,-47.00194549560547,openalex,https://openalex.org/I4210138292
Anhanguera-Uniderp University,Universidade,,Campo Grande,-20.463613510131836,-54.59281921386719,openalex,https://openalex.org/I3131871626
Anhembi Morumbi University,Universidade,,São Paulo,-23.547500610351562,-46.6361083984375,openalex,https://openalex.org/I184779318
Anis,ICT,DF,Brasília,-15.77972,-47.92972,openalex,https://openalex.org/I4210151287
Anod-arc (Brazil),ICT,,São Paulo,-23.564851760864258,-46.734962463378906,openalex,https://openalex.org/I4210117548
Antares Eletrônica (Brazil),ICT,,Jundiaí,-23.20710563659668,-46.87562561035156,openalex,https://openalex.org/I4210134260
Antoniosi Tecnologia Agroindustrial (Brazil),ICT,,Matão,-21.628259658813477,-48.334651947021484,openalex,https://openalex.org/I4210162731
APESC - Associacao Pro-Ensino em Santa Cruz do Sul,ICT,RS,Santa Cruz do Sul,-29.7175,-52.42583,openalex,https://openalex.org/I4405266339
Apis Flora (Brazil),ICT,,São Paulo,-21.20524024963379,-47.79652786254883,openalex,https://openalex.org/I4210106111
ArcelorMittal (Brazil),ICT,,São Paulo,-23.566993713378906,-46.650390625,openalex,https://openalex.org/I4210150794
Arquivo Histórico Judaico Brasileiro,ICT,,São Paulo,-23.565078735351562,-46.68067932128906,openalex,https://openalex.org/I4210094191
Arquivo Público do Estado do Rio de Janeiro,ICT,,Rio de Janeiro,-22.949893951416016,-43.18266296386719,openalex,https://openalex.org/I4210129870
Artecriação (Brazil),ICT,,Rio de Janeiro,-22.919395446777344,-43.20842361450195,openalex,https://openalex.org/I4210099242
Article 19,ICT,,São Paulo,-23.548654556274414,-46.64070510864258,openalex,https://openalex.org/I4210102172
Asel-Tech (Brazil),ICT,,São Carlos,-22.01119041442871,-47.886627197265625,openalex,https://openalex.org/I4210093906
AsGa (Brazil),ICT,,Paulínia,-22.767379760742188,-47.11208724975586,openalex,https://openalex.org/I4210140409
Assembleia Legislativa de São Paulo,ICT,,São Paulo,-23.581111907958984,-46.65833282470703,openalex,https://openalex.org/I4210091111
Associação Aeroespacial Brasileira,ICT,,São José dos Campos,-23.221519470214844,-45.89834976196289,openalex,https://openalex.org/I4210160716
Associação Beneficente Santa Casa de Campo Grande,ICT,MS,Campo Grande,-20.44278,-54.64639,openalex,https://openalex.org/I4405270832
Associação Brasileira da Batata,ICT,,Itapetininga,-23.5919189453125,-48.039405822753906,openalex,https://openalex.org/I4210130272
Associação Brasileira de Águas Subterrâneas,ICT,,São Paulo,-23.597871780395508,-46.65439224243164,openalex,https://openalex.org/I4210150800
Associação Brasileira de Alergia e Imunologia,ICT,,São Paulo,-23.59470558166504,-46.65029525756836,openalex,https://openalex.org/I4210147143
Associação Brasileira de Análise Térmica e Calorimetria,ICT,,São Paulo,-23.561378479003906,-46.73093032836914,openalex,https://openalex.org/I4210118175
Associação Brasileira de Antropologia,ICT,,Brasília,-15.767980575561523,-47.86882781982422,openalex,https://openalex.org/I4210118408
Associação Brasileira de Avaliação de Impacto,ICT,,Ribeirão Preto,-21.177499771118164,-47.810279846191406,openalex,https://openalex.org/I4210095911
Associação Brasileira de Ciência Política,ICT,,Rio de Janeiro,-22.95306968688965,-43.19190216064453,openalex,https://openalex.org/I4210153693
Associacao Brasileira de Criminalistica - ABC,ICT,DF,Brasília,-15.77972,-47.92972,openalex,https://openalex.org/I4405266759
Associação Brasileira de Custos,ICT,RS,São Leopoldo,-29.76028,-51.14722,openalex,https://openalex.org/I4405266142
Associação Brasileira de Distrofia Muscular,ICT,SP,São Paulo,-23.5475,-46.63611,openalex,https://openalex.org/I4405271117
Associacao Brasileira de Educacao Medica,ICT,DF,Brasília,-15.77972,-47.92972,openalex,https://openalex.org/I4405266787
Associação Brasileira de Energia Solar,ICT,SP,São Paulo,-23.5475,-46.63611,openalex,https://openalex.org/I4405266709
Associação Brasileira de Engenharia Agrícola,ICT,,Jaboticabal,-21.237422943115234,-48.27574920654297,openalex,https://openalex.org/I4210114682
Associação Brasileira de Engenharia de Produção,ICT,,Rio de Janeiro,-22.907527923583984,-43.17631912231445,openalex,https://openalex.org/I4210096628
Associação Brasileira de Ensaios não Destrutivos e Inspeção,ICT,,São Paulo,-23.601490020751953,-46.64960479736328,openalex,https://openalex.org/I4210166910
Associacao Brasileira de Ensino Odontologico ABENO,ICT,SC,Florianópolis,-27.59667,-48.54917,openalex,https://openalex.org/I4405266708
Associação Brasileira de Esclerose Lateral Amiotrófica,ICT,,São Paulo,-23.594572067260742,-46.64223098754883,openalex,https://openalex.org/I4210093869
Associação Brasileira de Estatística,ICT,,São Paulo,-23.562822341918945,-46.72268295288086,openalex,https://openalex.org/I4210095263
Associação Brasileira de Estudos da Cannabis sativa,ICT,SP,São Paulo,-23.5475,-46.63611,openalex,https://openalex.org/I4405266078
Associação Brasileira de Estudos de Defesa,ICT,,São Carlos,-21.931499481201172,-47.8784294128418,openalex,https://openalex.org/I4210086699
Associação Brasileira de Estudos do Trabalho,ICT,SC,Florianópolis,-27.59667,-48.54917,openalex,https://openalex.org/I4405254698
Associação Brasileira de Estudos Populacionais,ICT,,Belo Horizonte,-19.870107650756836,-43.96145248413086,openalex,https://openalex.org/I4210110566
Associação Brasileira de Informática,ICT,,Campinas,-22.819250106811523,-47.06144332885742,openalex,https://openalex.org/I4210103771
Associação Brasileira de Literatura Comparada,ICT,,Rio de Janeiro,-22.86164665222168,-43.40031051635742,openalex,https://openalex.org/I4210151545
Associação Brasileira de Médicos Veterinários de Equídeos,ICT,,Ribeirão Preto,-21.171754837036133,-47.822261810302734,openalex,https://openalex.org/I4210099243
"Associação Brasileira de Metalurgia, Materiais e Mineração",ICT,,São Paulo,-23.615148544311523,-46.66874694824219,openalex,https://openalex.org/I4210116103
Associação Brasileira de Odontologia Digital,ICT,PE,Recife,-8.05389,-34.88111,openalex,https://openalex.org/I4405266639
Associação Brasileira de Oncologia Veterinária,ICT,,São Paulo,-23.596284866333008,-46.71815872192383,openalex,https://openalex.org/I4210155397
Associação Brasileira de Pesquisadores de Comunicação Organizacional e de Relações Públicas,ICT,,São Paulo,-23.607423782348633,-46.63762283325195,openalex,https://openalex.org/I4210157046
Associação Brasileira de Pesquisadores em História Econômica,ICT,,São Paulo,-23.563858032226562,-46.722137451171875,openalex,https://openalex.org/I4210112745
Associação Brasileira de Pesquisadores Negros,ICT,,Goiânia,-16.60138511657715,-49.26385498046875,openalex,https://openalex.org/I4210164330
Associação Brasileira de Planetários,ICT,,Porto Alegre,-30.041650772094727,-51.173484802246094,openalex,https://openalex.org/I4210095937
Associação Brasileira de Polímeros,ICT,,São Carlos,-22.018192291259766,-47.885536193847656,openalex,https://openalex.org/I4210139579
Associação Brasileira de Psicoterapia e Medicina Comportamental,ICT,,São Paulo,-23.54123306274414,-46.6732177734375,openalex,https://openalex.org/I4210134760
Associação Brasileira de Química,ICT,,Rio de Janeiro,-22.902517318725586,-43.18178176879883,openalex,https://openalex.org/I4210117672
Associação Brasileira de Recursos Hídricos,ICT,,Porto Alegre,-30.03095054626465,-51.170047760009766,openalex,https://openalex.org/I4210153844
Associação Brasileira de Relações Internacionais,ICT,,Belo Horizonte,-19.897802352905273,-43.94315719604492,openalex,https://openalex.org/I4210108132
Associação Brasileira de Rorschach e Métodos Projetivos,ICT,,Ribeirão Preto,-21.150623321533203,-47.8202018737793,openalex,https://openalex.org/I4210138021
Associação Brasileira de Saúde Coletiva,ICT,,Rio de Janeiro,-22.90641975402832,-43.18223190307617,openalex,https://openalex.org/I4210142636
Associação Brasileira de Tecnólogos em Radiologia,ICT,DF,Brasília,-15.77972,-47.92972,openalex,https://openalex.org/I4405266451
Associação Brasileira de Terapia Celular,ICT,,Salvador,-12.981951713562012,-38.474586486816406,openalex,https://openalex.org/I4210151435
Associação Brasileira de Tratamentos de Superfície,ICT,,São Paulo,-23.6003475189209,-46.63824462890625,openalex,https://openalex.org/I4210129895
Associação Brasileira do Alumínio,ICT,,São Paulo,-23.58222007751465,-46.64295959472656,openalex,https://openalex.org/I4210125958
Associação Brasileira do Papelão Ondulado,ICT,,São Paulo,-23.524356842041016,-46.7163200378418,openalex,https://openalex.org/I4210164954
Associação Brasileira para a Proteção dos Alimentos,ICT,,Brasília,-15.747493743896484,-47.89908218383789,openalex,https://openalex.org/I4210127125
Associação Brasileira para o Estudo da Obesidade e Síndrome Metabólica,ICT,SP,São Paulo,-23.5475,-46.63611,openalex,https://openalex.org/I4405261760
Associação Caruaruense de Ensino Superior e Técnico,ICT,,Caruaru,-8.283329963684082,-35.97610855102539,openalex,https://openalex.org/I4210151692
Associação Catarinense de Medicina,ICT,SC,Florianópolis,-27.59667,-48.54917,openalex,https://openalex.org/I4405266744
Associação Cultural de Mulheres Negras,ICT,,Porto Alegre,-30.028852462768555,-51.225955963134766,openalex,https://openalex.org/I4210087897
Associação de Assistência à Criança Deficiente,ICT,,São Paulo,-23.547500610351562,-46.6361083984375,openalex,https://openalex.org/I4210112072
Associação de Leitura do Brasil,ICT,,Campinas,-22.81199073791504,-47.068111419677734,openalex,https://openalex.org/I4210090577
Associação de Medicina Intensiva Brasileira,ICT,,São Paulo,-23.593412399291992,-46.673954010009766,openalex,https://openalex.org/I4210110238
Associação de Pais e Amigos dos Excepcionais de São Paulo,ICT,,São Paulo,-23.709203720092773,-46.6912841796875,openalex,https://openalex.org/I4210157461
Associação de Pais e Mestres do Colégio Militar de Brasília,ICT,DF,Brasília,-15.77972,-47.92972,openalex,https://openalex.org/I4405266274
Associação dos Floricultores da Região da Via Dutra,ICT,,Arujá,-23.396780014038086,-46.33431625366211,openalex,https://openalex.org/I4210091392
Associação dos Geógrafos Brasileiros,ICT,,Campinas,-22.823986053466797,-47.06541442871094,openalex,https://openalex.org/I4210086879
Associação Fundo de Incentivo à Pesquisa,ICT,SP,São Paulo,-23.5475,-46.63611,openalex,https://openalex.org/I4210141662
Associação Ilumina,ICT,,Piracicaba,-22.715726852416992,-47.638282775878906,openalex,https://openalex.org/I4210160925
Associacao Internacional de Pesquisa na Graduacao em Pedagogia,ICT,RN,Pau dos Ferros,-6.10917,-38.20444,openalex,https://openalex.org/I4405266503
Associação Kuyper para Estudos Transdisciplinares,ICT,,Belo Horizonte,-19.908132553100586,-43.93903732299805,openalex,https://openalex.org/I4210148439
Associação Nacional de Biossegurança,ICT,,Rio de Janeiro,-22.89901351928711,-43.179588317871094,openalex,https://openalex.org/I4210100313
"Associação Nacional de Direitos Humanos, Pesquisa e Pós-Graduação",ICT,,São Paulo,-23.554351806640625,-46.73279571533203,openalex,https://openalex.org/I4210096522
Associação Nacional de Entidades Promotoras de Empreendimentos de Tecnologias Avançadas,ICT,,Brasília,-15.778552055358887,-47.89292907714844,openalex,https://openalex.org/I4210128553
Associação Nacional de Estudos em Empreendedorismo e Gestão de Pequenas Empresas,ICT,SP,São Paulo,-23.5475,-46.63611,openalex,https://openalex.org/I4405259300
Associação Nacional de História,ICT,,São Paulo,-23.56386375427246,-46.72212219238281,openalex,https://openalex.org/I4210157347
Associação Nacional de Pesquisa e Pós-Graduação em Turismo,ICT,,São Paulo,-23.55190658569336,-46.63090515136719,openalex,https://openalex.org/I4210130868
Associação Nacional de Pesquisadores e Professores de História das Américas,ICT,,São Paulo,-23.573957443237305,-46.64340591430664,openalex,https://openalex.org/I4210141557
Associação Nacional de Política e Administração da Educação,ICT,,Goiânia,-16.67355728149414,-49.33500289916992,openalex,https://openalex.org/I4210098939
Associação Nacional de Pós-Graduação e Pesquisa em Ciências Sociais,ICT,,São Paulo,-23.583295822143555,-46.638633728027344,openalex,https://openalex.org/I4210103603
Associação Nacional de Pós-Graduação e Pesquisa em Educação,ICT,,Rio de Janeiro,-22.91706657409668,-43.25716781616211,openalex,https://openalex.org/I4210095631
Associação Nacional de Transportes Públicos,ICT,,São Paulo,-23.545433044433594,-46.64008712768555,openalex,https://openalex.org/I4210135755
Associação para o Fomento à Pesquisa de Melhoramento de Forrageiras,ICT,DF,Brasília,-15.77972,-47.92972,openalex,https://openalex.org/I4405270213
Associação Paulista de Estudos Tributários,ICT,SP,São Paulo,-23.5475,-46.63611,openalex,https://openalex.org/I4405266311
Associação Paulista de Medicina,ICT,SP,São Paulo,-23.5475,-46.63611,openalex,https://openalex.org/I4210150618
Associação Paulista para o Desenvolvimento da Medicina,ICT,,São Paulo,-23.595304489135742,-46.64674758911133,openalex,https://openalex.org/I4210130229
Associação Saúde da Família,ICT,,São Paulo,-23.55406951904297,-46.66470718383789,openalex,https://openalex.org/I4210135342
Associação Sul-Americana de Automação,ICT,,São Paulo,-23.602462768554688,-46.66183853149414,openalex,https://openalex.org/I4210160931
Association of the Technological Integrated Systems Laboratory,ICT,,São Paulo,-23.567432403564453,-46.70146179199219,openalex,https://openalex.org/I4210099111
AstraZeneca (Brazil),ICT,,São Paulo,-23.596750259399414,-46.864219665527344,openalex,https://openalex.org/I4210116875
Atitus Educação,Universidade,RS,Passo Fundo,-28.26278,-52.40667,openalex,https://openalex.org/I4210158208
Atonus Engineering Systems (Brazil),ICT,,São José dos Campos,-23.198562622070312,-45.87959289550781,openalex,https://openalex.org/I4210140959
Atvos (Brazil),ICT,,São Paulo,-23.570890426635742,-46.70322036743164,openalex,https://openalex.org/I4210117870
AVM Faculdade Integrada,Universidade,,Rio de Janeiro,-22.904781341552734,-43.175209045410156,openalex,https://openalex.org/I4210086817
Azidus Brasil Pesquisa Científica e Desenvolvimento Ltda (Brazil),ICT,SP,Valinhos,-22.97056,-46.99583,openalex,https://openalex.org/I4405267888
Banco da Amazônia,ICT,PA,Belém,-1.45583,-48.50444,openalex,https://openalex.org/I4405261618
Banco do Nordeste do Brasil (Brazil),ICT,CE,Fortaleza,-3.72271,-38.52465,openalex,https://openalex.org/I4405269281
Bank of Brazil,ICT,DF,Brasília,-15.77972,-47.92972,openalex,https://openalex.org/I72961355
BCS Tecnologia (Brazil),ICT,,Campinas,-23.070457458496094,-46.954158782958984,openalex,https://openalex.org/I4210113006
Belver Brasil Instrumentos (Brazil),ICT,,Campinas,-22.843908309936523,-47.084938049316406,openalex,https://openalex.org/I4210087080
Beneficência Portuguesa de São Paulo,ICT,,São Paulo,-23.547500610351562,-46.6361083984375,openalex,https://openalex.org/I4210114248
Beta Telecom (Brazil),ICT,,São José dos Campos,-23.189990997314453,-45.887603759765625,openalex,https://openalex.org/I4210162963
Betta Tecnologia (Brazil),ICT,,Franca,-20.55414581298828,-47.405147552490234,openalex,https://openalex.org/I4210090921
Bevi Plastic (Brazil),ICT,,Sorocaba,-23.540279388427734,-47.186649322509766,openalex,https://openalex.org/I4210144679
Bf Clay Especialidades (Brazil),ICT,,São Paulo,-23.54180335998535,-46.559871673583984,openalex,https://openalex.org/I4210145687
Bio Bureau Biotecnologia (Brazil),ICT,RJ,Rio de Janeiro,-22.90642,-43.18223,openalex,https://openalex.org/I4405261064
Bio Controle (Brazil),ICT,,São Paulo,-23.526309967041016,-46.706668853759766,openalex,https://openalex.org/I4210157301
Bio Soja Group (Brazil),ICT,,São Joaquim da Barra,-20.557117462158203,-47.864654541015625,openalex,https://openalex.org/I4210144970
Bio-Bras,Universidade,,Montes Claros,-16.70159912109375,-43.80897521972656,openalex,https://openalex.org/I4210116315
Bio&Green (Brazil),ICT,,São Paulo,-23.58312225341797,-46.64853286743164,openalex,https://openalex.org/I4210136449
Biocinese (Brazil),ICT,,Toledo,-24.734556198120117,-53.73359680175781,openalex,https://openalex.org/I4210164385
Biocontrol (Brazil),ICT,,Sertãozinho,-21.14080810546875,-47.98856735229492,openalex,https://openalex.org/I4210163621
Biocor Institute,ICT,,Nova Lima,-19.981657028198242,-43.94504165649414,openalex,https://openalex.org/I4210141214
Biolab Pharma (Brazil),ICT,,São Paulo,-23.547500610351562,-46.6361083984375,openalex,https://openalex.org/I4210109727
Bioline - Consultoria e Engenharia Ambiental,ICT,,Angra dos Reis,-22.948076248168945,-44.39501190185547,openalex,https://openalex.org/I4210128897
bioMérieux (Brazil),ICT,,São Paulo,-23.602294921875,-46.661983489990234,openalex,https://openalex.org/I4210110753
Biominas (Brazil),ICT,,Belo Horizonte,-19.88282012939453,-43.91487121582031,openalex,https://openalex.org/I4210117158
Bionnovation (Brazil),ICT,,Bauru,-22.314720153808594,-49.0605583190918,openalex,https://openalex.org/I4210142050
Biopcycle (Brazil),ICT,,Serrana,-21.20768165588379,-47.6049919128418,openalex,https://openalex.org/I4210143439
Biopdi (Brazil),ICT,,São Carlos,-22.017898559570312,-47.908958435058594,openalex,https://openalex.org/I4210127794
Biotech (Brazil),ICT,,São Paulo,-23.58197784423828,-46.686344146728516,openalex,https://openalex.org/I4210138736
Bioware (Brazil),ICT,,Campinas,-22.83035659790039,-47.09373092651367,openalex,https://openalex.org/I4210149774
BMT Group (Brazil),ICT,,São José dos Campos,-23.24797821044922,-45.909934997558594,openalex,https://openalex.org/I4210141729
Boehringer Ingelheim (Brazil),ICT,,São Paulo,-23.622678756713867,-46.70051574707031,openalex,https://openalex.org/I4210108651
Bonavision Auxilios Opticos (Brazil),ICT,,São Paulo,-23.563640594482422,-46.68824005126953,openalex,https://openalex.org/I4210106853
BorgWarner (Brazil),ICT,,Itatiba,-22.7508544921875,-47.09125518798828,openalex,https://openalex.org/I90016038
Boticário Group Foundation,ICT,,Curitiba,-25.445980072021484,-49.2933235168457,openalex,https://openalex.org/I4210115887
BR Express (Brazil),ICT,,São Caetano do Sul,-23.639020919799805,-46.58344268798828,openalex,https://openalex.org/I4210160056
Br4Science (Brazil),ICT,,Botucatu,-22.858854293823242,-48.447715759277344,openalex,https://openalex.org/I4210111362
Braile Biomédica (Brazil),ICT,,São José do Rio Preto,-20.819719314575195,-49.37944030761719,openalex,https://openalex.org/I4210149051
Brascoelma (Brazil),ICT,,Diadema,-23.7047119140625,-46.60483169555664,openalex,https://openalex.org/I4210136421
BrasilOzônio (Brazil),ICT,,São Paulo,-23.56460952758789,-46.73512649536133,openalex,https://openalex.org/I4210144017
Braskem (Brazil),ICT,,São Paulo,-23.57147789001465,-46.70317459106445,openalex,https://openalex.org/I4210159212
Brazilian Academy of Sciences,ICT,,Rio de Janeiro,-22.90641975402832,-43.18223190307617,openalex,https://openalex.org/I31351285
Brazilian Agricultural Research Corporation,ICT,DF,Brasília,-15.77972,-47.92972,openalex,https://openalex.org/I199691007
Brazilian Association of Graduate Programs in Economic,ICT,,Niterói,-22.877756118774414,-43.102882385253906,openalex,https://openalex.org/I4210122207
Brazilian Association of Philosophy and History of Biology,ICT,,Águas de Lindóia,-22.474300384521484,-46.632606506347656,openalex,https://openalex.org/I4210155577
Brazilian Association of Psychiatry,ICT,RJ,Rio de Janeiro,-22.90642,-43.18223,openalex,https://openalex.org/I4387153644
Brazilian Biosciences National Laboratory,ICT,,Campinas,-22.905559539794922,-47.060829162597656,openalex,https://openalex.org/I4210158387
Brazilian Buiatrics Association,ICT,,Rio de Janeiro,-22.902502059936523,-43.17984390258789,openalex,https://openalex.org/I4210152275
Brazilian Center for Research in Energy and Materials,ICT,,Campinas,-22.905559539794922,-47.060829162597656,openalex,https://openalex.org/I4210152696
Brazilian College of Animal Reproduction,ICT,,Belo Horizonte,-19.860578536987305,-43.97060012817383,openalex,https://openalex.org/I4210161901
Brazilian Computer Society,ICT,,Porto Alegre,-30.06852149963379,-51.12124252319336,openalex,https://openalex.org/I2802886305
Brazilian Dental Materials Group,ICT,,Uberaba,-19.758342742919922,-47.96452331542969,openalex,https://openalex.org/I4210091805
Brazilian Development Bank,ICT,,Rio de Janeiro,-22.90641975402832,-43.18223190307617,openalex,https://openalex.org/I161746293
Brazilian Institute of Environment and Renewable Natural Resources,ICT,,Brasília,-15.767242431640625,-47.862022399902344,openalex,https://openalex.org/I116268893
Brazilian Institute of Geography and Statistics,ICT,,Rio de Janeiro,-22.916969299316406,-43.177066802978516,openalex,https://openalex.org/I1298354342
Brazilian Institute of Neuropsychology and Behaviour,ICT,,Rio de Janeiro,-22.910987854003906,-43.21354675292969,openalex,https://openalex.org/I4210124343
Brazilian Institute of Neuroscience and Neurotechnology,ICT,,Campinas,-22.81682777404785,-47.069740295410156,openalex,https://openalex.org/I4210144446
Brazilian Interdisciplinary AIDS Association,ICT,,Rio de Janeiro,-22.901119232177734,-43.180171966552734,openalex,https://openalex.org/I4210131572
Brazilian Internet Steering Committee,ICT,,São Paulo,-23.601282119750977,-46.69474411010742,openalex,https://openalex.org/I4210097653
Brazilian Medical Association,ICT,SP,São Paulo,-23.5475,-46.63611,openalex,https://openalex.org/I249708551
Brazilian Micro and Small Enterprises Support Service,ICT,DF,Brasília,-15.77972,-47.92972,openalex,https://openalex.org/I4210094830
Brazilian National Association of Graduate Programs in Communication,ICT,,Belo Horizonte,-19.907567977905273,-43.96672821044922,openalex,https://openalex.org/I4210121092
Brazilian Naval School,Universidade,,Rio de Janeiro,-22.913299560546875,-43.16025924682617,openalex,https://openalex.org/I2941883833
Brazilian Network Information Center,ICT,,São Paulo,-23.601224899291992,-46.6947135925293,openalex,https://openalex.org/I4210162039
Brazilian Radiation Protection Society,ICT,RJ,Rio de Janeiro,-22.92008,-43.33069,openalex,https://openalex.org/I4210103731
Brazilian Research in Intensive Care Network,ICT,,São Paulo,-23.552509307861328,-46.65475082397461,openalex,https://openalex.org/I4210111997
Brazilian Society for the Advancement of Science,ICT,,São Paulo,-23.5460147857666,-46.65100860595703,openalex,https://openalex.org/I4210100699
Brazilian Society of Computational and Applied Mathematics,ICT,,São Carlos,-22.014020919799805,-47.8764762878418,openalex,https://openalex.org/I4210131883
Brazilian Society of Nuclear Biosciences,ICT,,Rio de Janeiro,-22.938533782958984,-43.20890426635742,openalex,https://openalex.org/I4210098772
Brazilian Society of Protozoology,ICT,,São Paulo,-23.526594161987305,-46.73970031738281,openalex,https://openalex.org/I4210164186
Brazilian Society of Speech,ICT,,São Paulo,-23.53157615661621,-46.687408447265625,openalex,https://openalex.org/I4210133038
Brazilian Society of Tropical Medicine,ICT,,Brasília,-15.763459205627441,-47.86307144165039,openalex,https://openalex.org/I4210115636
Brazilian Synchrotron Light Laboratory,ICT,,Campinas,-22.905559539794922,-47.060829162597656,openalex,https://openalex.org/I4210106422
Brf (Brazil),ICT,,São Paulo,-23.585437774658203,-46.68048095703125,openalex,https://openalex.org/I3111280877
British Council,ICT,,São Paulo,-23.56295394897461,-46.69755554199219,openalex,https://openalex.org/I4210132074
Bruning (Brazil),ICT,,Panambi,-28.26173210144043,-53.494964599609375,openalex,https://openalex.org/I4210104517
Brvant (Brazil),ICT,,Mogi das Cruzes,-23.538204193115234,-46.22211837768555,openalex,https://openalex.org/I4210118842
Caixa Cultural,ICT,,Brasília,-15.803908348083496,-47.88410568237305,openalex,https://openalex.org/I4210087452
Camelback (Brazil),ICT,,Guarujá,-23.99416160583496,-46.28694152832031,openalex,https://openalex.org/I4210112981
Cardiovascular Research Center,ICT,,São Paulo,-23.582529067993164,-46.650455474853516,openalex,https://openalex.org/I4210131376
Casa dos Raros,ICT,RS,Porto Alegre,-30.03283,-51.23019,openalex,https://openalex.org/I4405263694
Casa Fluminense,ICT,,Rio de Janeiro,-22.920948028564453,-43.17597198486328,openalex,https://openalex.org/I4210095169
Casablanca (Brazil),ICT,,Belo Horizonte,-19.91652488708496,-43.93423080444336,openalex,https://openalex.org/I4210095564
Casper Líbero Foundation,ICT,,São Paulo,-23.547500610351562,-46.6361083984375,openalex,https://openalex.org/I324488015
CBPak (Brazil),ICT,,Rio de Janeiro,-22.813093185424805,-43.249412536621094,openalex,https://openalex.org/I4210160511
Celestica (Brasil),ICT,,Hortolândia,-22.853256225585938,-47.21472930908203,openalex,https://openalex.org/I4210150885
Célia Helena Centro de Artes e Educação,Universidade,,São Paulo,-23.578994750976562,-46.67072296142578,openalex,https://openalex.org/I4210106273
Cennabras (Brazil),ICT,,Guarulhos,-23.45309066772461,-46.48586654663086,openalex,https://openalex.org/I4210140897
Centagro (Brazil),ICT,,Batatais,-20.88912010192871,-47.58517837524414,openalex,https://openalex.org/I4210144969
Central Bank of Brazil,ICT,,Brasília,-14.448169708251953,-39.400390625,openalex,https://openalex.org/I1342477950
Central Bela Vista (Brazil),ICT,,Botucatu,-23.000911712646484,-48.42829513549805,openalex,https://openalex.org/I4210166541
Central Única das Favelas,ICT,,Rio de Janeiro,-22.94853973388672,-43.36372756958008,openalex,https://openalex.org/I4210146162
Centre for Research and Development in Telecommunications (Brazil),ICT,,Campinas,-22.816192626953125,-47.045143127441406,openalex,https://openalex.org/I4210090141
Centro Brasileiro de Análise e Planejamento,ICT,,São Paulo,-23.587419509887695,-46.6479377746582,openalex,https://openalex.org/I4210108944
Centro Brasileiro de Estudos em Dermatologia,ICT,,Porto Alegre,-30.031814575195312,-51.213890075683594,openalex,https://openalex.org/I4210089557
Centro Brasileiro de Pesquisas Físicas,ICT,RJ,Rio de Janeiro,-22.90642,-43.18223,openalex,https://openalex.org/I4210125245
Centro Cerâmico do Brasil,ICT,,Santa Gertrudes,-22.461589813232422,-47.524940490722656,openalex,https://openalex.org/I4210110050
Centro de Cultura Luiz Freire,ICT,,Olinda,-8.017562866210938,-34.8517951965332,openalex,https://openalex.org/I4210153345
Centro de Desenvolvimento da Tecnologia Nuclear,ICT,,Belo Horizonte,-19.92082977294922,-43.93777847290039,openalex,https://openalex.org/I4210089139
Centro de Desenvolvimento de Materiais Funcionais,ICT,SP,São Carlos,-22.0175,-47.89083,openalex,https://openalex.org/I4405272258
Centro de Desenvolvimento Mineral,ICT,MG,Santa Luzia,-19.76972,-43.85139,openalex,https://openalex.org/I4405265961
Centro de Direito Internacional,ICT,,Belo Horizonte,-19.898448944091797,-43.96169662475586,openalex,https://openalex.org/I4210161383
Centro de Educação Profissional em Tecnologia da Informação de Petrópolis,Universidade,,Petrópolis,-22.528703689575195,-43.21664810180664,openalex,https://openalex.org/I4210104020
Centro de Espectrometria de Massas Aplicada (Brazil),ICT,,São Paulo,-23.561241149902344,-46.73078918457031,openalex,https://openalex.org/I4210158045
Centro de Estudos da Voz,ICT,,São Paulo,-23.60027313232422,-46.63835144042969,openalex,https://openalex.org/I4210097128
Centro de Estudos das Relações de Trabalho e Desigualdades,ICT,,São Paulo,-23.495737075805664,-46.621551513671875,openalex,https://openalex.org/I4210099720
Centro de Estudos de Cultura Contemporânea,ICT,,São Paulo,-23.55633544921875,-46.68048858642578,openalex,https://openalex.org/I4210098060
Centro de Estudos de Segurança e Cidadania,ICT,,Rio de Janeiro,-22.904163360595703,-43.17500686645508,openalex,https://openalex.org/I4210111872
Centro de Estudos do Laboratório de Aptidão Física de São Caetano do Sul,ICT,,São Caetano do Sul,-23.608924865722656,-46.569828033447266,openalex,https://openalex.org/I4210126232
Centro de Estudos e Pesquisa em Saúde Coletiva,ICT,,Rio de Janeiro,-22.911102294921875,-43.23606491088867,openalex,https://openalex.org/I4210103631
"Centro de Estudos e Pesquisas em Educação, Cultura e Ação Comunitária",ICT,SP,São Paulo,-23.5475,-46.63611,openalex,https://openalex.org/I4210143834
Centro de Estudos e Sistemas Avançados do Recife,ICT,,Recife,-8.05829906463623,-34.87178039550781,openalex,https://openalex.org/I4210123235
Centro de Estudos Educação e Sociedade,ICT,,Campinas,-22.816410064697266,-47.06623077392578,openalex,https://openalex.org/I4210129560
Centro de Estudos em Psicologia da Saúde,ICT,,São Paulo,-23.556930541992188,-46.668800354003906,openalex,https://openalex.org/I4210149257
Centro de Excelência em Bioinformática,ICT,,Belo Horizonte,-19.92446517944336,-43.9495964050293,openalex,https://openalex.org/I4210103337
"Centro de Formação, Treinamento e Aperfeiçoamento da Câmara dos Deputados",Universidade,DF,Brasília,-15.79159,-47.89558,openalex,https://openalex.org/I4405260360
Centro de Genomas (Brazil),ICT,,São Paulo,-23.60268211364746,-46.64902114868164,openalex,https://openalex.org/I4210159488
"Centro de Inovação, Empreendedorismo e Tecnologia",ICT,,São Paulo,-23.564836502075195,-46.735145568847656,openalex,https://openalex.org/I4210164915
Centro de Pesquisa do Pantanal,ICT,MT,Cuiabá,-15.59611,-56.09667,openalex,https://openalex.org/I4405268832
Centro de Pesquisas Oncológicas,ICT,SC,Florianópolis,-27.59667,-48.54917,openalex,https://openalex.org/I4210163308
Centro de Referência da Saúde da Mulher - Hospital da Mulher São Paulo,ICT,SP,São Paulo,-23.5475,-46.63611,openalex,https://openalex.org/I4405254708
Centro de Referência em Informação Ambiental,ICT,SP,Campinas,-22.90556,-47.06083,openalex,https://openalex.org/I4210115541
Centro de Reprodução Humana Prof. Franco Junior,ICT,,Ribeirão Preto,-21.198444366455078,-47.81918716430664,openalex,https://openalex.org/I4210162531
Centro de Tecnologia da Informação Renato Archer,ICT,,Campinas,-22.853260040283203,-47.127315521240234,openalex,https://openalex.org/I4210142333
Centro de Tecnologia Mineral,ICT,,Rio de Janeiro,-22.860279083251953,-43.2215690612793,openalex,https://openalex.org/I4210094040
Centro de Tecnologias Estratégicas do Nordeste,ICT,,Recife,-8.058090209960938,-34.949527740478516,openalex,https://openalex.org/I4210086656
Centro Infantil Boldrini,ICT,,Campinas,-22.808008193969727,-47.06429672241211,openalex,https://openalex.org/I4210102088
Centro Internacional de Semiótica e Comunicação,ICT,,Japaratinga,-9.089054107666016,-35.258697509765625,openalex,https://openalex.org/I4210141658
Centro Latino-Americano e do Caribe de Informação em Ciências da Saúde,ICT,SP,São Paulo,-23.5475,-46.63611,openalex,https://openalex.org/I4210131006
Centro Nacional de Monitoramento e Alertas de Desastres Naturais,ICT,,São José dos Campos,-23.157501220703125,-45.793514251708984,openalex,https://openalex.org/I4210087047
Centro Panamericano de Fiebre Aftosa,ICT,,Duque de Caxias,-22.733163833618164,-43.31126403808594,openalex,https://openalex.org/I4210145510
Centro Paula Souza,Universidade,SP,São Paulo,-23.5475,-46.63611,openalex,https://openalex.org/I4405253594
Centro Paulista de Investigação Clinica,ICT,,São Paulo,-23.58997917175293,-46.611106872558594,openalex,https://openalex.org/I4210105898
Centro Regional de Ciências Nucleares do Nordeste,Universidade,PE,Recife,-8.05389,-34.88111,openalex,https://openalex.org/I4405263070
Centro Regional Universitário de Espírito Santo do Pinhal,Universidade,,Espírito Santo do Pinhal,-22.20148277282715,-46.746612548828125,openalex,https://openalex.org/I4210123067
Centro Técnico de Automação (Brazil),ICT,,Joinville,-26.32326889038086,-48.842281341552734,openalex,https://openalex.org/I4210100341
Centro Universitário Academia,Universidade,MG,Juiz de Fora,-21.76417,-43.35028,openalex,https://openalex.org/I4210161480
Centro Universitário Adventista de São Paulo,Universidade,,São Paulo,-23.665958404541016,-46.7818489074707,openalex,https://openalex.org/I4210096910
Centro Universitário Amparense,Universidade,,Amparo,-22.7164363861084,-46.809417724609375,openalex,https://openalex.org/I4210101731
Centro Universitário Anhanguera,Universidade,,Campo Grande,-20.468570709228516,-54.60525894165039,openalex,https://openalex.org/I4210143229
Centro Universitário Assunção,Universidade,,São Paulo,-23.59638214111328,-46.634822845458984,openalex,https://openalex.org/I4210153045
Centro Universitário Ateneu,Universidade,CE,Fortaleza,-3.71722,-38.54306,openalex,https://openalex.org/I4405257835
Centro Universitário Barão de Mauá,Universidade,,Ribeirão Preto,-21.182655334472656,-47.797306060791016,openalex,https://openalex.org/I4210093059
Centro Universitário Barriga Verde,Universidade,,Orleans,-28.35890769958496,-49.27602005004883,openalex,https://openalex.org/I4210133491
Centro Universitário Belas Artes de São Paulo,Universidade,,São Paulo,-23.58917808532715,-46.640380859375,openalex,https://openalex.org/I4210121018
Centro Universitário Campos de Andrade,Universidade,,Curitiba,-25.456270217895508,-49.31627655029297,openalex,https://openalex.org/I4210098428
Centro Universitário Capital,Universidade,,São Paulo,-23.5750675201416,-46.58644485473633,openalex,https://openalex.org/I4210112395
Centro Universitário Carioca,Universidade,RJ,Rio de Janeiro,-22.90642,-43.18223,openalex,https://openalex.org/I4210151261
Centro Universitário Católica de Quixadá,Universidade,,Quixadá,-4.9713897705078125,-39.015281677246094,openalex,https://openalex.org/I4210163697
Centro Universitário Católico do Sudoeste do Paraná,Universidade,,Palmas,-26.48388671875,-51.9918327331543,openalex,https://openalex.org/I4210145809
Centro Universitário Católico Salesiano Auxilium,Universidade,,Araçatuba,-21.235565185546875,-50.407649993896484,openalex,https://openalex.org/I4210086846
Centro Universitário Celso Lisboa,Universidade,,Rio de Janeiro,-22.90224838256836,-43.26485824584961,openalex,https://openalex.org/I4210152805
Centro Universitário Central Paulista,Universidade,,São Carlos,-21.980438232421875,-47.930233001708984,openalex,https://openalex.org/I4210140818
Centro Universitário Cesmac,Universidade,,Maceió,-9.656049728393555,-35.737789154052734,openalex,https://openalex.org/I4210137548
Centro Universitário Cesumar,Universidade,,Maringá,-23.442188262939453,-51.91841125488281,openalex,https://openalex.org/I3018588415
Centro Universitário Cesusc – UNICESUSC,Universidade,SC,Florianópolis,-27.59667,-48.54917,openalex,https://openalex.org/I4405255256
Centro Universitário Claretiano,Universidade,,Batatais,-20.883827209472656,-47.5926628112793,openalex,https://openalex.org/I4210089542
Centro Universitário Curitiba,Universidade,,Curitiba,-25.4503231048584,-49.265220642089844,openalex,https://openalex.org/I304370547
Centro Universitário da Cidade,Universidade,,Rio de Janeiro,-22.919111251831055,-43.17869567871094,openalex,https://openalex.org/I4210113996
Centro Universitário da Fundação de Ensino Octávio Bastos,Universidade,SP,São João da Boa Vista,-21.96917,-46.79806,openalex,https://openalex.org/I4210095537
Centro Universitário da Fundação Educacional de Barretos,Universidade,,Barretos,-20.571252822875977,-48.57383728027344,openalex,https://openalex.org/I4210088981
Centro Universitário da Fundação Educacional Guaxupé,Universidade,,Guaxupé,-21.309268951416016,-46.712608337402344,openalex,https://openalex.org/I4210131910
Centro Universitário da Grande Dourados,Universidade,,Dourados,-22.21152687072754,-54.827091217041016,openalex,https://openalex.org/I4210157527
Centro Universitário da Vitória de Santo Antão,Universidade,PE,Vitória de Santo Antão,-8.11806,-35.29139,openalex,https://openalex.org/I4405272461
Centro Universitário das Faculdades Metropolitanas Unidas,Universidade,,São Paulo,-23.56083106994629,-46.637001037597656,openalex,https://openalex.org/I193619003
Centro Universitário de Adamantina,Universidade,SP,Adamantina,-21.59136,-51.06669,openalex,https://openalex.org/I4405260354
Centro Universitário de Araraquara,Universidade,SP,Araraquara,-21.79444,-48.17556,openalex,https://openalex.org/I4210156688
Centro Universitario de Araras Dr Edmunso Ulson,Universidade,,Araras,-22.34823226928711,-47.396873474121094,openalex,https://openalex.org/I4210085996
Centro Universitário de Barra Mansa,Universidade,,Barra Mansa,-22.5488224029541,-44.17096710205078,openalex,https://openalex.org/I4210141206
Centro Universitário de Belo Horizonte,Universidade,,Belo Horizonte,-19.906848907470703,-43.942203521728516,openalex,https://openalex.org/I3018999404
Centro Universitário de Brusque,Universidade,,Brusque,-27.097949981689453,-48.912811279296875,openalex,https://openalex.org/I4210133889
Centro Universitário de Caratinga,Universidade,,Caratinga,-19.749181747436523,-42.13483810424805,openalex,https://openalex.org/I4210099922
Centro Universitário de Desenvolvimento do Centro Oeste,Universidade,,Luziânia,-16.112730026245117,-47.96754455566406,openalex,https://openalex.org/I4210113640
Centro Universitário de Ensino Superior do Amazonas,Universidade,,Manaus,-3.076469898223877,-60.02312088012695,openalex,https://openalex.org/I4210102118
Centro Universitário de Formiga,Universidade,,Formiga,-20.45547866821289,-45.4520263671875,openalex,https://openalex.org/I4210139486
Centro Universitário de Franca,Universidade,,Franca,-20.537229537963867,-47.38945388793945,openalex,https://openalex.org/I4210103646
Centro Universitário de Goiás,Universidade,,Goiânia,-16.691232681274414,-49.3108024597168,openalex,https://openalex.org/I4210096584
Centro Universitário de Itajubá,Universidade,MG,Itajubá,-22.42556,-45.45278,openalex,https://openalex.org/I4210153989
Centro Universitário de Jales,Universidade,,Jales,-20.274045944213867,-50.544918060302734,openalex,https://openalex.org/I4210119714
Centro Universitário de Jaraguá do Sul,Universidade,,Jaraguá do Sul,-26.46671485900879,-49.113773345947266,openalex,https://openalex.org/I4210092856
Centro Universitário de João Pessoa,Universidade,,João Pessoa,-7.1575608253479,-34.85537338256836,openalex,https://openalex.org/I4210158946
Centro Universitário de Lavras,Universidade,PR,Centenário do Sul,-22.82111,-51.59528,openalex,https://openalex.org/I4210109615
Centro Universitário de Lins,Universidade,,Lins,-21.665061950683594,-49.732215881347656,openalex,https://openalex.org/I4210088315
Centro Universitário de Minas Gerais - UniMG,Universidade,MG,Patos de Minas,-18.57889,-46.51806,openalex,https://openalex.org/I4403928253
Centro Universitário de Mineiros,Universidade,GO,Mineiros,-17.56944,-52.55111,openalex,https://openalex.org/I4405263350
Centro Universitário de Patos de Minas,Universidade,,Patos de Minas,-18.57465934753418,-46.513736724853516,openalex,https://openalex.org/I4210106335
Centro Universitário de Rio Preto,Universidade,,São José do Rio Preto,-20.807329177856445,-49.391178131103516,openalex,https://openalex.org/I4210159176
Centro Universitário de Sete Lagoas,Universidade,,Sete Lagoas,-19.479877471923828,-44.267547607421875,openalex,https://openalex.org/I4210147834
Centro Universitário de Telêmaco Borba,Universidade,PR,Telêmaco Borba,-24.32389,-50.61556,openalex,https://openalex.org/I4405253789
Centro Universitário de União da Vitória,Universidade,PR,União da Vitória,-26.23,-51.08639,openalex,https://openalex.org/I4210143096
Centro Universitário de Várzea Grande,Universidade,,Várzea Grande,-15.642790794372559,-56.095890045166016,openalex,https://openalex.org/I4210096247
Centro Universitário de Volta Redonda,Universidade,,Rio de Janeiro,-22.51513671875,-44.10688018798828,openalex,https://openalex.org/I4210111468
Centro Universitário de Votuporanga,Universidade,,Votuporanga,-20.414257049560547,-49.97444534301758,openalex,https://openalex.org/I4210126477
Centro Universitário do Cerrado Patrocínio,Universidade,MG,Patrocínio,-18.94389,-46.9925,openalex,https://openalex.org/I4210135814
Centro Universitário do Distrito Federal,Universidade,,Brasília,-15.799657821655273,-47.8995246887207,openalex,https://openalex.org/I4210146377
Centro Universitário do Espírito Santo,Universidade,ES,Colatina,-19.53944,-40.63056,openalex,https://openalex.org/I4210116025
Centro Universitário do Leste de Minas Gerais,Universidade,,Coronel Fabriciano,-19.514575958251953,-42.611846923828125,openalex,https://openalex.org/I4210157836
Centro Universitário do Norte,Universidade,,Manaus,-3.125201940536499,-60.02463912963867,openalex,https://openalex.org/I4210100360
Centro Universitário do Norte Paulista,Universidade,,São José do Rio Preto,-20.7694091796875,-49.3864631652832,openalex,https://openalex.org/I4210127483
Centro Universitário do Pará,Universidade,,Belém,-1.418934941291809,-48.44774627685547,openalex,https://openalex.org/I4210100867
Centro Universitário do Planalto de Araxá,Universidade,,Araxá,-19.577686309814453,-46.95214080810547,openalex,https://openalex.org/I4210130441
Centro Universitário do Rio Grande do Norte,Universidade,RN,Natal,-5.795,-35.20944,openalex,https://openalex.org/I4210166303
Centro Universitário do Rio São Francisco,Universidade,BA,Paulo Afonso,-9.40611,-38.21472,openalex,https://openalex.org/I4405255464
Centro Universitário do Sul de Minas,Universidade,,Varginha,-21.572519302368164,-45.47822570800781,openalex,https://openalex.org/I4210138878
Centro Universitário do Triângulo,Universidade,MG,Uberlândia,-18.91861,-48.27722,openalex,https://openalex.org/I4210105065
Centro Universitário Dr. Leão Sampaio - Unileão,Universidade,CE,Juazeiro do Norte,-7.21306,-39.31528,openalex,https://openalex.org/I4405259816
Centro Universitário Eurípedes de Marilia,Universidade,SP,Marília,-22.21389,-49.94583,openalex,https://openalex.org/I249163148
Centro Universitário Euroamericano,Universidade,,Brasília,19.546735763549805,-99.03311920166016,openalex,https://openalex.org/I4210094853
Centro Universitário Evangélico de Goianésia,Universidade,GO,Goianésia,-15.3175,-49.1175,openalex,https://openalex.org/I4405264173
Centro Universitário FAMESC,Universidade,RJ,Bom Jesus do Itabapoana,-21.13389,-41.67972,openalex,https://openalex.org/I4405259843
Centro Universitário FEI,Universidade,,São Bernardo do Campo,-23.693889617919922,-46.564998626708984,openalex,https://openalex.org/I139221136
Centro Universitario FIAM FAAM,Universidade,,São Paulo,-23.578344345092773,-46.63935470581055,openalex,https://openalex.org/I4210148915
Centro Universitário FIEO,Universidade,SP,Osasco,-23.5325,-46.79167,openalex,https://openalex.org/I4210101283
Centro Universitário Filadélfia,Universidade,,Londrina,-23.315990447998047,-51.170894622802734,openalex,https://openalex.org/I4210147333
Centro Universitario Fluminense,Universidade,,Rio de Janeiro,-21.76015281677246,-41.321044921875,openalex,https://openalex.org/I4210139077
Centro Universitário Franciscano do Paraná,Universidade,,Curitiba,-25.43789291381836,-49.273521423339844,openalex,https://openalex.org/I4210097956
Centro Universitário Fundação Assis Gurgacz,Universidade,,Cascavel,-24.94586181640625,-53.50840759277344,openalex,https://openalex.org/I4210127138
Centro Universitário Fundação Santo André,Universidade,SP,Santo André,-23.66389,-46.53833,openalex,https://openalex.org/I4210118874
Centro Universitário FUNORTE,Universidade,MG,Montes Claros,-16.58789,-43.89995,openalex,https://openalex.org/I4405261755
Centro Universitário Geraldo Di Biase,Universidade,,Volta Redonda,-22.50824546813965,-44.089935302734375,openalex,https://openalex.org/I4210165374
Centro Universitário Herminio Ometto de Araras,Universidade,SP,Araras,-22.35694,-47.38417,openalex,https://openalex.org/I4210141274
Centro Universitário Ítalo Brasileiro,Universidade,,São Paulo,-23.6444091796875,-46.7202262878418,openalex,https://openalex.org/I4210093492
Centro Universitário Leonardo da Vinci,Universidade,,Indaial,-26.88371467590332,-49.24932098388672,openalex,https://openalex.org/I4210097431
Centro Universitário Lusíada,Universidade,,Santos,-23.96312141418457,-46.32527160644531,openalex,https://openalex.org/I4210089926
Centro Universitário Maria Milza,Universidade,BA,Governador Mangabeira,-12.60044,-39.04178,openalex,https://openalex.org/I4405260216
Centro Universitário Maurício de Nassau,Universidade,,Recife,-8.051667213439941,-34.95083236694336,openalex,https://openalex.org/I4210141362
Centro Universitário Metodista IPA,Universidade,,Porto Alegre,-30.035329818725586,-51.20193862915039,openalex,https://openalex.org/I4210089839
Centro Universitário Módulo,Universidade,,Caraguatatuba,-23.613191604614258,-45.37954330444336,openalex,https://openalex.org/I4210152244
Centro Universitário Monte Serrat,Universidade,,Santos,-23.943565368652344,-46.32794952392578,openalex,https://openalex.org/I4210135831
Centro Universitário Moura Lacerda,Universidade,,Ribeirão Preto,-21.23194122314453,-47.78636932373047,openalex,https://openalex.org/I4210156594
Centro Universitário Municipal de São José,Universidade,,São José,-27.5937442779541,-48.61590576171875,openalex,https://openalex.org/I4210145987
Centro Universitário Newton Paiva,Universidade,,Belo Horizonte,-19.94112205505371,-43.96519088745117,openalex,https://openalex.org/I4210099888
Centro Universitário Nossa Senhora do Patrocínio,Universidade,,Itu,-23.268896102905273,-47.2971076965332,openalex,https://openalex.org/I4210113965
Centro Universitário Padre Anchieta,Universidade,,Jundiaí,-23.214662551879883,-46.89189529418945,openalex,https://openalex.org/I4210099822
Centro Universitário Paulistano,Universidade,,São Paulo,-23.590145111083984,-46.63666915893555,openalex,https://openalex.org/I4210155379
Centro Universitário Plínio Leite,Universidade,,Niterói,-22.896522521972656,-43.12744140625,openalex,https://openalex.org/I4210135586
Centro Universitário Salesiano,Universidade,ES,Vitória,-20.31944,-40.33778,openalex,https://openalex.org/I4405259677
Centro Universitário Salesiano de São Paulo,Universidade,SP,Americana,-22.73917,-47.33139,openalex,https://openalex.org/I4210088984
Centro Universitário Sant’Anna,Universidade,,São Paulo,-23.516807556152344,-46.62894821166992,openalex,https://openalex.org/I4210090740
Centro Universitário São Camilo,Universidade,,São Paulo,-23.592315673828125,-46.60791778564453,openalex,https://openalex.org/I4210147677
Centro Universitário São Lucas,Universidade,,Porto Velho,-8.763175010681152,-63.90674591064453,openalex,https://openalex.org/I4210135384
Centro Universitário Serra dos Órgãos,Universidade,RJ,Teresópolis,-22.4167,-42.97822,openalex,https://openalex.org/I4210130349
Centro Universitario Toledo,Universidade,,Araçatuba,-21.212688446044922,-50.43071746826172,openalex,https://openalex.org/I4210115021
Centro Universitário Una,Universidade,,Betim,-19.969493865966797,-44.19641876220703,openalex,https://openalex.org/I4210135669
Centro Universitário UNINOVAFAPI,Universidade,,Teresina,-5.069467067718506,-42.74718475341797,openalex,https://openalex.org/I4210090775
Centro Universitário Unirondon,Universidade,,Cuiabá,-15.617953300476074,-56.11239242553711,openalex,https://openalex.org/I4210132384
Centro Universitário UniSenac,Universidade,RS,Porto Alegre,-30.03283,-51.23019,openalex,https://openalex.org/I4405263650
Centrus Diagnósticos por Imagem,ICT,,Campinas,-22.897249221801758,-47.064659118652344,openalex,https://openalex.org/I4210093974
CFlex (Brazil),ICT,,Cambuí,-22.896394729614258,-47.04767608642578,openalex,https://openalex.org/I4210101076
Chamber of Deputies - Brazil,ICT,DF,Brasília,-15.79159,-47.89558,openalex,https://openalex.org/I4405263582
Chem4u (Brazil),ICT,,Mauá,-23.624855041503906,-46.48278045654297,openalex,https://openalex.org/I4210165868
Chemyunion (Brazil),ICT,,Sorocaba,-23.452320098876953,-47.418426513671875,openalex,https://openalex.org/I4210117783
CHR Cerâmica Técnica (Brazil),ICT,,São Carlos,-21.998647689819336,-47.87419891357422,openalex,https://openalex.org/I4210125987
CI&T (Brasil),ICT,,Campinas,-22.816556930541992,-47.04610061645508,openalex,https://openalex.org/I4210111634
Ciclo de Mutação (Brazil),ICT,,São José do Rio Preto,-20.815034866333008,-49.375492095947266,openalex,https://openalex.org/I4210106331
Ciências e Cognição,ICT,,Volta Redonda,-22.523059844970703,-44.10417175292969,openalex,https://openalex.org/I4210126836
Cientistas (Brazil),ICT,,São Carlos,-22.013029098510742,-47.87678527832031,openalex,https://openalex.org/I4210099568
"Citizenship, Studies, Research, Information and Action",ICT,,Glória do Goitá,-22.923131942749023,-43.17302322387695,openalex,https://openalex.org/I4210154715
ClanSoft (Brazil),ICT,,Campinas,-22.85629653930664,-47.05564498901367,openalex,https://openalex.org/I4210092281
Clave (Brazil),ICT,,Rio de Janeiro,-22.911775588989258,-43.17439270019531,openalex,https://openalex.org/I4210104283
CLB Engenharia Consultiva (Brazil),ICT,,São Paulo,-23.583934783935547,-46.64971160888672,openalex,https://openalex.org/I4210142810
Clinica De Doencas Renais De Brasilia,ICT,,Brasília,-15.81201457977295,-47.91191482543945,openalex,https://openalex.org/I4210123530
Clínica de Psiquiatria Psiquimei,ICT,,Brasília,-15.736235618591309,-47.894290924072266,openalex,https://openalex.org/I4210131640
Clínica e Instituto de Oftalmologia Ivo Corrêa Meyer,ICT,,Porto Alegre,-30.0241756439209,-51.2011833190918,openalex,https://openalex.org/I4210160562
Clinica Gastrobese,ICT,,Rio Grande,-28.26083755493164,-52.41595458984375,openalex,https://openalex.org/I4210108792
Clínica Hexsel de Dermatologia,ICT,RS,Porto Alegre,-30.03283,-51.23019,openalex,https://openalex.org/I4405267538
Clinics Hospital of Ribeirão Preto,ICT,,Ribeirão Preto,-21.177499771118164,-47.810279846191406,openalex,https://openalex.org/I4210156537
Clorovale Diamantes (Brazil),ICT,,São José dos Campos,-23.253780364990234,-45.86515426635742,openalex,https://openalex.org/I4210114140
Cobrasper (Brazil),ICT,,São Carlos,-22.0714168548584,-47.88052749633789,openalex,https://openalex.org/I4210096073
Cochrane,ICT,,São Paulo,-23.596879959106445,-46.641963958740234,openalex,https://openalex.org/I4210119775
Colégio Brasileiro de Cirurgiões,ICT,,Rio de Janeiro,-22.956945419311523,-43.193729400634766,openalex,https://openalex.org/I4210150115
Colégio Metodista Bennett,Universidade,,Rio de Janeiro,-22.9356632232666,-43.17713928222656,openalex,https://openalex.org/I4210096993
Colégio Pedro II,Universidade,,Rio de Janeiro,-22.899639129638672,-43.22142028808594,openalex,https://openalex.org/I91874244
Colégio Sinodal,Universidade,,São Leopoldo,-29.77642059326172,-51.13737869262695,openalex,https://openalex.org/I4210160575
Colly (Brazil),ICT,,Capivari,-22.990755081176758,-47.51068878173828,openalex,https://openalex.org/I4210152974
Colsan - Associação Beneficente de Coleta de Sangue,ICT,,Jundiaí,-23.18153190612793,-46.884117126464844,openalex,https://openalex.org/I4210133471
Comissão Executiva do Plano da Lavoura Cacaueira - Ceplac,ICT,SP,Santa Isabel,-23.31556,-46.22139,openalex,https://openalex.org/I4210155940
Comissão Pastoral da Terra,ICT,,Goiânia,-16.679061889648438,-49.254150390625,openalex,https://openalex.org/I4210122445
Comm Solutions (Brazil),ICT,,São Paulo,-23.627927780151367,-46.64833450317383,openalex,https://openalex.org/I4210164653
Community University of Chapecó Region - Unochapecó,Universidade,,Chapecó,-27.096389770507812,-52.61832809448242,openalex,https://openalex.org/I3019843814
Companhia Brasileira de Aluminio,ICT,,São Paulo,-23.57970428466797,-46.69973373413086,openalex,https://openalex.org/I307126887
Companhia Brasileira de Metalurgia e Mineração (Brazil),ICT,,Araxá,-23.610246658325195,-46.69736099243164,openalex,https://openalex.org/I4210135429
Companhia de Desenvolvimento Econômico de Minas Gerais,ICT,MG,Belo Horizonte,-19.92083,-43.93778,openalex,https://openalex.org/I4405260466
Companhia de Eletricidade do Estado da Bahia (Brazil),ICT,,Salvador,-12.95654010772705,-38.458351135253906,openalex,https://openalex.org/I4210119539
Companhia Energética de Minas Gerais (Brazil),ICT,,Belo Horizonte,-19.928604125976562,-43.950496673583984,openalex,https://openalex.org/I96294087
Companhia Energética de Pernambuco,ICT,,Recife,-8.064125061035156,-34.885623931884766,openalex,https://openalex.org/I4210112223
Companhia Energética de São Paulo,ICT,,São Paulo,-23.699060440063477,-46.67363739013672,openalex,https://openalex.org/I34391226
Companhia Siderúrgica Nacional (Brazil),ICT,SP,São Paulo,-23.5475,-46.63611,openalex,https://openalex.org/I4210097748
Compass (Brazil),ICT,,Santo André,-23.67646026611328,-46.51487350463867,openalex,https://openalex.org/I4210134483
Complexo Hospitalar de Niterói,ICT,RJ,Niterói,-22.88333,-43.10361,openalex,https://openalex.org/I4405267500
Complexo Hospitalar do Trabalhador,ICT,PR,Curitiba,-25.42778,-49.27306,openalex,https://openalex.org/I4405270678
Complexo Hospitalar Universitário Professor Edgard Santos,ICT,,Salvador,-12.993368148803711,-38.52101516723633,openalex,https://openalex.org/I4210088441
Compsis (Brazil),ICT,,São José dos Campos,-23.208349227905273,-45.886531829833984,openalex,https://openalex.org/I4210096439
Compuminer Mineração de Dados & BI (Brazil),ICT,,São Paulo,-23.56287384033203,-46.64100646972656,openalex,https://openalex.org/I4210098676
Condor Instruments (Brazil),ICT,,São Paulo,-23.55485725402832,-46.638980865478516,openalex,https://openalex.org/I4210142882
Conectas,ICT,,São Paulo,-23.54489517211914,-46.6403694152832,openalex,https://openalex.org/I4210096734
Conselho de reitores das Universidades Estaduais de São Paulo,Universidade,,Itapeva,-23.55714988708496,-46.65015411376953,openalex,https://openalex.org/I4210128760
Conselho Nacional de Desenvolvimento Científico e Tecnológico,ICT,DF,Brasília,-15.77972,-47.92972,openalex,https://openalex.org/I11385950
Conselho Nacional de Pesquisa e Pós-graduação em Direito,ICT,,Florianópolis,-27.58831024169922,-48.523128509521484,openalex,https://openalex.org/I4210102132
Conservatório Pernambucano de Música,ICT,,Recife,-8.049193382263184,-34.889434814453125,openalex,https://openalex.org/I4210125857
Coopercitrus Cooperativa de Produtores Rurais,ICT,,São Paulo,-20.949644088745117,-48.479942321777344,openalex,https://openalex.org/I4210126662
Coordenação de Aperfeicoamento de Pessoal de Nível Superior,ICT,DF,Brasília,-15.77972,-47.92972,openalex,https://openalex.org/I4210097716
Coordenadoria Geral da Universidade,Universidade,,Campinas,-22.816862106323242,-47.06977462768555,openalex,https://openalex.org/I4210130648
Cooxupé,ICT,,Guaxupé,-21.29564094543457,-46.725135803222656,openalex,https://openalex.org/I4210164444
Copersucar (Brazil),ICT,,São Paulo,-23.569522857666016,-46.647071838378906,openalex,https://openalex.org/I4210141754
Coris Medicina Avançada,ICT,,Florianópolis,-27.59176254272461,-48.50933837890625,openalex,https://openalex.org/I4210156295
Corollarium (Brazil),ICT,,São Paulo,-23.20528221130371,-46.79608154296875,openalex,https://openalex.org/I4210124632
Correias Elo (Brazil),ICT,,São Paulo,-23.5238037109375,-46.473140716552734,openalex,https://openalex.org/I4210152831
Coss (Brazil),ICT,,São Carlos,-22.007610321044922,-47.88804244995117,openalex,https://openalex.org/I4210151824
Cotec (Brazil),ICT,,São José dos Campos,-22.818111419677734,-45.18254089355469,openalex,https://openalex.org/I4210123915
CPAH - Centro de Pesquisa e Análises Heráclito,ICT,RJ,Rio de Janeiro,-22.90642,-43.18223,openalex,https://openalex.org/I4405264844
Cristalia (Brazil),ICT,,Itapira,-22.43610954284668,-46.82167053222656,openalex,https://openalex.org/I4210152748
Cromática (Brazil),ICT,,São Paulo,-23.538057327270508,-46.70698547363281,openalex,https://openalex.org/I4210153262
CSEM,ICT,,Belo Horizonte,-19.888851165771484,-43.91366195678711,openalex,https://openalex.org/I4210142268
Cuesta (Brazil),ICT,,Botucatu,-22.858491897583008,-48.43476104736328,openalex,https://openalex.org/I4210150503
Cyrbe (Brazil),ICT,,Sumaré,-22.81113052368164,-47.239742279052734,openalex,https://openalex.org/I4210117530
D’Or Institute for Research and Education,ICT,RJ,Rio de Janeiro,-22.90642,-43.18223,openalex,https://openalex.org/I4210102764
Dalvic (Brazil),ICT,,Rio de Janeiro,-22.896940231323242,-43.19445037841797,openalex,https://openalex.org/I4210160416
Dedini Industrias De Base (Brazil),ICT,,Piracicaba,-22.66099739074707,-47.61643600463867,openalex,https://openalex.org/I4210151699
DeltaCO2 (Brazil),ICT,,Piracicaba,-22.702438354492188,-47.64775085449219,openalex,https://openalex.org/I4210132237
Dencril (Brazil),ICT,,Pirassununga,-22.01409339904785,-47.426971435546875,openalex,https://openalex.org/I4210154837
Deoxi Biotecnologia (Brazil),ICT,,Araçatuba,-21.22298812866211,-50.44118118286133,openalex,https://openalex.org/I4210114356
Departamento de Ciência e Tecnologia,ICT,,Brasília,-15.75806713104248,-47.916961669921875,openalex,https://openalex.org/I4210155391
Departamento Intersindical de Estatística e Estudos Socioeconômicos,Universidade,,São Paulo,-23.542062759399414,-46.644676208496094,openalex,https://openalex.org/I4210094766
Departamento Nacional de Produção Mineral,ICT,,Brasília,-15.791935920715332,-47.87712478637695,openalex,https://openalex.org/I4210091597
Department of Aerospace Science and Technology,ICT,,São José dos Campos,-23.179439544677734,-45.886940002441406,openalex,https://openalex.org/I4210108942
"Department of STD, AIDS and Viral Hepatitis",ICT,,Brasília,-15.803593635559082,-47.86924362182617,openalex,https://openalex.org/I4210103355
DEV Tecnologia (Brazil),ICT,,São Paulo,-23.563045501708984,-46.735042572021484,openalex,https://openalex.org/I4210116733
Devworks Game Technology (Brazil),ICT,,São Paulo,-23.58888053894043,-46.67351150512695,openalex,https://openalex.org/I4210105592
Didai Tecnologia,ICT,,Campinas,-22.885759353637695,-47.03874588012695,openalex,https://openalex.org/I4210097250
Dínamo Automação Industrial (Brazil),ICT,,Piracicaba,-22.756479263305664,-47.639404296875,openalex,https://openalex.org/I4210132515
Dinamo Networks (Brazil),ICT,,São Paulo,-23.637374877929688,-46.69830322265625,openalex,https://openalex.org/I4210090601
DirectLight (Brazil),ICT,,São Carlos,-22.020570755004883,-47.89571762084961,openalex,https://openalex.org/I4210138156
DLG Automation (Brazil),ICT,,Sertãozinho,-20.991361618041992,-48.005149841308594,openalex,https://openalex.org/I4210159490
DMC Equipmentos (Brazil),ICT,,São Carlos,-22.005271911621094,-47.91684341430664,openalex,https://openalex.org/I4210150246
DNA Consult Genética e Biotecnologia (Brazil),ICT,,São Carlos,-22.007219314575195,-47.8867301940918,openalex,https://openalex.org/I4210131252
Dnapta Biotecnologia (Brazil),ICT,,São José do Rio Preto,-20.816911697387695,-49.41597366333008,openalex,https://openalex.org/I4210161825
Dod Robôs Investidores (Brazil),ICT,,São Paulo,-23.56745719909668,-46.648582458496094,openalex,https://openalex.org/I4210117938
Dow Chemical (Brasil),ICT,,São Paulo,-23.55255889892578,-46.70657730102539,openalex,https://openalex.org/I4210145213
DPR Engenharia (Brazil),ICT,,Campinas,-22.832849502563477,-47.07715606689453,openalex,https://openalex.org/I4210128069
Dr. Euryclides Hospital de Jesus Zerbini,ICT,,São Paulo,-23.57050132751465,-46.651512145996094,openalex,https://openalex.org/I4210135420
DSPGeo (Brazil),ICT,,Campinas,-22.822677612304688,-47.06489944458008,openalex,https://openalex.org/I4210159424
DuPont (Brazil),ICT,,Barueri,-23.497406005859375,-46.8465576171875,openalex,https://openalex.org/I4210093218
DWG Arquitetura e Sistemas (Brazil),ICT,,São Paulo,-23.5430850982666,-46.672607421875,openalex,https://openalex.org/I4210121770
Dýnamis Industry e Commerce (Brazil),ICT,,Ferraz de Vasconcelos,-23.534183502197266,-46.38987731933594,openalex,https://openalex.org/I4210158541
Eaton (Brazil),ICT,,São Paulo,-23.422639846801758,-46.3908805847168,openalex,https://openalex.org/I4210131651
Ecco Fibers (Brazil),ICT,,Campinas,-22.84810447692871,-47.043296813964844,openalex,https://openalex.org/I4210090527
Eccos Indústria Metalúrgica (Brazil),ICT,,Indaiatuba,-23.127864837646484,-47.22947311401367,openalex,https://openalex.org/I4210113836
Ecology Glass (Brazil),ICT,,Limeira,-22.5712947845459,-47.464664459228516,openalex,https://openalex.org/I4210127829
Ecotec Equipment and Systems (Brazil),ICT,,Mogi das Cruzes,-23.549400329589844,-46.230621337890625,openalex,https://openalex.org/I4210150031
EcoZON (Brazil),ICT,,São Paulo,-23.62462043762207,-46.609519958496094,openalex,https://openalex.org/I4210089217
Edelweiss Gestão Empresarial (Brazil),ICT,,São Paulo,-23.629924774169922,-46.70507049560547,openalex,https://openalex.org/I4210089258
EDG Equipamentos e Controles (Brazil),ICT,,São Carlos,-22.063758850097656,-47.8847541809082,openalex,https://openalex.org/I4210095766
Efix (Brazil),ICT,,São Paulo,-23.592687606811523,-46.68576431274414,openalex,https://openalex.org/I4210108407
Eikonal do Brasil (Brazil),ICT,,São Paulo,-23.539531707763672,-46.705589294433594,openalex,https://openalex.org/I4210130118
Ekion Tecnologia de Veículos Elétricos (Brazil),ICT,,Campinas,-22.822677612304688,-47.06486511230469,openalex,https://openalex.org/I4210107821
Elabora Consultoria (Brazil),ICT,,São Paulo,-23.54438018798828,-46.647918701171875,openalex,https://openalex.org/I4210162191
Electric Dreams (Brazil),ICT,,São José dos Campos,-23.157283782958984,-45.79133987426758,openalex,https://openalex.org/I4210092739
Eletro Máquinas Comércio e Representações (Brazil),ICT,,Campinas,-22.93107032775879,-47.10799026489258,openalex,https://openalex.org/I4210086033
Eletrobras (Brazil),ICT,RJ,Rio de Janeiro,-22.90642,-43.18223,openalex,https://openalex.org/I205649185
Eletrovento (Brazil),ICT,,Mairinque,-23.48380470275879,-47.20085144042969,openalex,https://openalex.org/I4210143310
Embraco (Brazil),ICT,,Joinville,-26.2189998626709,-48.90559005737305,openalex,https://openalex.org/I2801361767
Embraer (Brazil),ICT,,São José dos Campos,-23.179439544677734,-45.886940002441406,openalex,https://openalex.org/I1288761627
Embrapa Cassava & Fruits,ICT,BA,Cruz das Almas,-12.67,-39.10194,openalex,https://openalex.org/I4405269537
Embrapa Rice and Beans,ICT,GO,Santo Antônio de Goiás,-16.48361,-49.31111,openalex,https://openalex.org/I4405266321
Empresa Brasileira de Pesquisa e Inovação Industrial,ICT,DF,Brasília,-15.77972,-47.92972,openalex,https://openalex.org/I4405269415
Empresa de Pesquisa Agropecuária de Minas Gerais,ICT,,Belo Horizonte,-19.92082977294922,-43.93777847290039,openalex,https://openalex.org/I4210129758
Empresa de Pesquisa Agropecuária do Estado do Rio de Janeiro,ICT,,Niterói,-22.88120460510254,-43.09440231323242,openalex,https://openalex.org/I4210129088
Empresa de Pesquisa Agropecuária do Rio Grande do Norte,ICT,,Natal,-5.779405117034912,-35.20344161987305,openalex,https://openalex.org/I4210086845
Empresa de Pesquisa Agropecuária e Extensão Rural de Santa Catarina,ICT,,Florianópolis,-27.58140754699707,-48.50371170043945,openalex,https://openalex.org/I4210088730
"Empresa Mato-grossense de Pesquisa, Assistência e Extensão Rural",ICT,,Cuiabá,-10.332364082336426,-58.50617980957031,openalex,https://openalex.org/I4210099370
Enalta Inovações Tecnológicas (Brazil),ICT,,São Carlos,-22.011220932006836,-47.89248275756836,openalex,https://openalex.org/I4210114557
Eneva S.A. (Brazil),ICT,RJ,Rio de Janeiro,-22.90642,-43.18223,openalex,https://openalex.org/I4405272194
Engemap (Brazil),ICT,,Assis,-22.655855178833008,-50.41618728637695,openalex,https://openalex.org/I4210112895
Engemasa (Brazil),ICT,,São Carlos,-22.041767120361328,-47.8729133605957,openalex,https://openalex.org/I4210162759
Engene (Brazil),ICT,,Florianópolis,-27.6005802154541,-48.60774230957031,openalex,https://openalex.org/I4210148296
Engimplan (Brazil),ICT,,Rio Claro,-22.38688087463379,-47.57899475097656,openalex,https://openalex.org/I4210152959
Entomological Society of Brazil,ICT,,Londrina,-23.343351364135742,-51.160865783691406,openalex,https://openalex.org/I4210122185
EQE Tecnologia (Brazil),ICT,,São José dos Campos,-23.207275390625,-45.95281982421875,openalex,https://openalex.org/I4210147489
Equacional (Brazil),ICT,,São Paulo,-23.59340476989746,-46.55546188354492,openalex,https://openalex.org/I4210128128
Equipalcool (Brazil),ICT,,São Paulo,-21.139020919799805,-48.00609588623047,openalex,https://openalex.org/I4210099635
Escola Bahiana de Medicina e Saúde Pública,Universidade,,Salvador,-12.958910942077637,-38.45256042480469,openalex,https://openalex.org/I132950312
Escola Brasileira de Economia e Finanças,Universidade,RJ,Rio de Janeiro,-22.90642,-43.18223,openalex,https://openalex.org/I4403386534
Escola da Cidade,Universidade,,São Paulo,-23.544809341430664,-46.645179748535156,openalex,https://openalex.org/I4210143172
Escola da Magistratura do Estado de Rondônia - Emeron,ICT,RO,Porto Velho,-8.76194,-63.90389,openalex,https://openalex.org/I4405256611
Escola de Administração de Empresas de São Paulo,Universidade,SP,São Paulo,-23.5475,-46.63611,openalex,https://openalex.org/I4400600936
Escola de Aperfeiçoamento de Oficiais,Universidade,RJ,Rio de Janeiro,-22.90642,-43.18223,openalex,https://openalex.org/I4405260756
Escola de Comando e Estado-Maior do Exército,Universidade,,Rio de Janeiro,-22.95391082763672,-43.16569519042969,openalex,https://openalex.org/I4210139026
Escola Nacional de Administração Pública,Universidade,DF,Brasília,-15.77972,-47.92972,openalex,https://openalex.org/I4396570575
Escola Nacional de Saúde Pública,Universidade,,Rio de Janeiro,-22.90641975402832,-43.18223190307617,openalex,https://openalex.org/I4210131460
Escola Superior Aberta do Brasil,Universidade,,Vila Velha,-20.35899543762207,-40.29845428466797,openalex,https://openalex.org/I4210129649
Escola Superior de Advocacia da OAB,Universidade,SP,São Paulo,-23.5475,-46.63611,openalex,https://openalex.org/I4405263043
Escola Superior de Ciências da Santa Casa de Misericórdia de Vitória,Universidade,,Vitória,-20.292797088623047,-40.30199432373047,openalex,https://openalex.org/I4210109824
Escola Superior de Ciências da Saúde,Universidade,DF,Brasília,-15.77972,-47.92972,openalex,https://openalex.org/I4210146757
Escola Superior de Propaganda e Marketing,Universidade,,São Paulo,-23.589874267578125,-46.6400032043457,openalex,https://openalex.org/I167242333
Escola Superior Dom Helder Câmara,Universidade,,Belo Horizonte,-19.923452377319336,-43.92550277709961,openalex,https://openalex.org/I4210149510
Escola Técnica de eletrônic,Universidade,,Santa Rita do Sapucaí,-22.256418228149414,-45.7033576965332,openalex,https://openalex.org/I4210107188
Espaço Ciência Viva,ICT,,Rio de Janeiro,-22.9223690032959,-43.22985076904297,openalex,https://openalex.org/I4210097818
Estácio (Brazil),ICT,,Rio de Janeiro,-22.924758911132812,-43.21217727661133,openalex,https://openalex.org/I4210131693
Estátikos (Brazil),ICT,,São Paulo,-23.58997917175293,-46.611106872558594,openalex,https://openalex.org/I4210127528
Eudora Energia (Brazil),ICT,,Campinas,-22.84719467163086,-47.039649963378906,openalex,https://openalex.org/I4210124732
Eurofarma (Brazil),ICT,,São Paulo,-23.61566734313965,-46.687950134277344,openalex,https://openalex.org/I4210162827
Eurofins (Brazil),ICT,,Recife,-8.126360893249512,-34.90354537963867,openalex,https://openalex.org/I4210112813
Euvaldo Lodi Institute,ICT,,Recife,-8.061431884765625,-34.89531326293945,openalex,https://openalex.org/I4210144698
EXA-M Instrumentação Biomédica (Brazil),ICT,,Mogi das Cruzes,-23.51124382019043,-46.15481948852539,openalex,https://openalex.org/I4210157423
Excelchip (Brazil),ICT,,São Paulo,-23.564088821411133,-46.73491668701172,openalex,https://openalex.org/I4210137342
Exército Brasileiro,ICT,DF,Brasília,-15.77972,-47.92972,openalex,https://openalex.org/I4405268468
Expansão Científica (Brazil),ICT,,São Paulo,-23.640438079833984,-46.665802001953125,openalex,https://openalex.org/I4210143733
Expertise Engenharia (Brazil),ICT,,Campinas,-22.893062591552734,-47.091163635253906,openalex,https://openalex.org/I4210167170
Eyetec Equipamentos Oftalmicos (Brazil),ICT,,São Carlos,-21.991655349731445,-47.88473129272461,openalex,https://openalex.org/I4210102889
Ezequiel Dias Foundation,ICT,,Gameleira,-19.930147171020508,-43.98577117919922,openalex,https://openalex.org/I4210098174
Faculdade Brasil,Universidade,SP,São Paulo,-23.5475,-46.63611,openalex,https://openalex.org/I4210086797
Faculdade Cásper Líbero,Universidade,,São Paulo,-23.565088272094727,-46.651153564453125,openalex,https://openalex.org/I224606282
Faculdade Ceres,Universidade,,São José do Rio Preto,-20.819719314575195,-49.37944030761719,openalex,https://openalex.org/I4210100636
Faculdade da Serra Gaúcha,Universidade,,Caxias do Sul,-29.170230865478516,-51.18553924560547,openalex,https://openalex.org/I4210106312
Faculdade de Administração Ciências Educação e Letras,Universidade,,Curitiba,-25.43358039855957,-49.278568267822266,openalex,https://openalex.org/I4210096691
Faculdade de Agudos,Universidade,,Agudos,-22.43810272216797,-48.99048614501953,openalex,https://openalex.org/I4210124233
Faculdade de Ciências da Saúde de Barretos Dr. Paulo Prata,Universidade,SP,Barretos,-20.55722,-48.56778,openalex,https://openalex.org/I4405265800
Faculdade de Ciências Médicas da Santa Casa de São Paulo,Universidade,,São Paulo,-23.542261123657227,-46.648555755615234,openalex,https://openalex.org/I4210112182
Faculdade de Ciências Médicas de Minas Gerais,Universidade,,Belo Horizonte,-19.92428207397461,-43.93177032470703,openalex,https://openalex.org/I4210107309
Faculdade de Desenvolvimento do Rio Grande do Sul,Universidade,,Porto Alegre,-30.03148651123047,-51.2299919128418,openalex,https://openalex.org/I4210090727
Faculdade de Direito de São Bernardo do Campo,Universidade,SP,São Bernardo do Campo,-23.69389,-46.565,openalex,https://openalex.org/I4405259975
Faculdade de Educação da Ibiapaba,Universidade,CE,Ipu,-4.34934,-40.65931,openalex,https://openalex.org/I4405264784
Faculdade de Educação Superior do Paraná,Universidade,PR,Curitiba,-25.42778,-49.27306,openalex,https://openalex.org/I4405271730
Faculdade de Ensino Superior de Linhares,Universidade,ES,Linhares,-19.35774,-40.1469,openalex,https://openalex.org/I4405272024
Faculdade de Informática e Administração Paulista,Universidade,SP,São Paulo,-23.5475,-46.63611,openalex,https://openalex.org/I4405274667
Faculdade de Itaituba,Universidade,,Itaituba,-4.265511989593506,-55.98191833496094,openalex,https://openalex.org/I4210145182
Faculdade de Medicina de Jundiaí,Universidade,,Jundiaí,-23.200164794921875,-46.87730026245117,openalex,https://openalex.org/I4210141621
Faculdade de Medicina de Marília,Universidade,,Marília,-22.226741790771484,-49.93653106689453,openalex,https://openalex.org/I151854742
Faculdade de Medicina de Petrópolis,Universidade,,Petrópolis,-22.484296798706055,-43.156776428222656,openalex,https://openalex.org/I4210127604
Faculdade de Medicina de São José do Rio Preto,Universidade,,São José do Rio Preto,-20.825788497924805,-49.394622802734375,openalex,https://openalex.org/I1340031499
Faculdade de Medicina do ABC,Universidade,SP,Santo André,-23.66389,-46.53833,openalex,https://openalex.org/I4210143330
Faculdade de Mococa,Universidade,,Mococa,-21.467756271362305,-47.002464294433594,openalex,https://openalex.org/I4210157734
"Faculdade de Música do Espírito Santo ""Maurício de Oliveira"" - FAMES",Universidade,ES,Vitória,-20.31944,-40.33778,openalex,https://openalex.org/I4405256074
Faculdade de Pato Branco,Universidade,,Pato Branco,-26.228609085083008,-52.67055892944336,openalex,https://openalex.org/I4210158700
Faculdade de Saúde de Paulista,Universidade,PE,Paulista,-7.92818,-34.88334,openalex,https://openalex.org/I4405258422
Faculdade de Tecnologia da Zona Leste,Universidade,SP,São Paulo,-23.5475,-46.63611,openalex,https://openalex.org/I4405257241
Faculdade de Tecnologia de São Caetano do Sul,Universidade,SP,São Caetano do Sul,-23.62306,-46.55111,openalex,https://openalex.org/I4405272571
Faculdade de Tecnologia e Ciências,Universidade,,Salvador,-12.93436336517334,-38.39238357543945,openalex,https://openalex.org/I4210143970
Faculdade EBRAMEC,Universidade,SP,São Paulo,-23.5475,-46.63611,openalex,https://openalex.org/I4405274022
Faculdade Evangélica do Paraná,Universidade,,Curitiba,-25.435504913330078,-49.306182861328125,openalex,https://openalex.org/I4210137114
Faculdade Frassinetti do Recife,Universidade,,Recife,-8.053890228271484,-34.88111114501953,openalex,https://openalex.org/I4210088726
Faculdade Gennari e Peartree - FGP,Universidade,SP,Pederneiras,-22.30876,-48.86558,openalex,https://openalex.org/I4405263999
Faculdade Luterana de Teologia,Universidade,SC,São Bento do Sul,-26.25028,-49.37861,openalex,https://openalex.org/I4405258063
Faculdade Novos Horizontes,Universidade,,Belo Horizonte,-19.928810119628906,-43.95172119140625,openalex,https://openalex.org/I4210134007
Faculdade Princesa do Oeste,Universidade,CE,Crateús,-5.25084,-40.74335,openalex,https://openalex.org/I4405276657
Faculdade Redentor,Universidade,,Itaperuna,-21.194032669067383,-41.90669631958008,openalex,https://openalex.org/I4210088694
Faculdade Ruy Barbosa,Universidade,,Salvador,-13.010102272033691,-38.48200225830078,openalex,https://openalex.org/I4210096775
Faculdade Santa Marcelina,Universidade,SP,São Paulo,-23.5475,-46.63611,openalex,https://openalex.org/I4403386592
Faculdade São Leopoldo Mandic,Universidade,,Campinas,-22.92650032043457,-47.042747497558594,openalex,https://openalex.org/I4210129940
Faculdade São Lucas,Universidade,,Porto Velho,-8.771015167236328,-63.895301818847656,openalex,https://openalex.org/I4210087935
Faculdade SENAI Taubaté,Universidade,SP,Taubaté,-23.02639,-45.55528,openalex,https://openalex.org/I4405263033
Faculdade Sumaré,Universidade,,Sumaré,-23.492887496948242,-46.648746490478516,openalex,https://openalex.org/I4210134438
Faculdade Única,Universidade,,Barroso,-19.54392433166504,-42.63862228393555,openalex,https://openalex.org/I4210136434
Faculdade Unida de Suzano,Universidade,,Suzano,-23.54161262512207,-46.311004638671875,openalex,https://openalex.org/I4210106778
Faculdade Unida de Vitória,Universidade,ES,Vitória,-20.31944,-40.33778,openalex,https://openalex.org/I4405259626
Faculdade Uníntese,Universidade,RS,Santo Ângelo,-28.29917,-54.26306,openalex,https://openalex.org/I4405264311
Faculdade Vale dos Carajás,Universidade,PA,Parauapebas,-6.0675,-49.90222,openalex,https://openalex.org/I4405261632
Faculdades EST,Universidade,,São Leopoldo,-29.772300720214844,-51.138458251953125,openalex,https://openalex.org/I4210163559
Faculdades Guarulhos,Universidade,SP,Guarulhos,-23.46278,-46.53333,openalex,https://openalex.org/I4210124990
Faculdades Integradas Aparício Carvalho,Universidade,,Porto Velho,-8.78736400604248,-63.86123275756836,openalex,https://openalex.org/I4210124275
Faculdades Integradas de Cacoal,Universidade,,Cacoal,-11.445369720458984,-61.4372444152832,openalex,https://openalex.org/I4210109051
Faculdades Integradas de São Paulo,Universidade,,São Paulo,-23.61447525024414,-46.70579528808594,openalex,https://openalex.org/I4210163034
Faculdades Integradas de Taquara,Universidade,,Taquara,-29.63778305053711,-50.78715515136719,openalex,https://openalex.org/I4210130491
Faculdades Integradas do Vale do Ivaí,Universidade,,Belo Horizonte,-24.236398696899414,-51.66630935668945,openalex,https://openalex.org/I4210136105
Faculdades Integradas Teresa D'Ávila,Universidade,,Lorena,-22.738758087158203,-45.111602783203125,openalex,https://openalex.org/I4210164961
Faculdades Milton Campos,Universidade,,Nova Lima,-19.992408752441406,-43.851890563964844,openalex,https://openalex.org/I4210094885
Faculdades Nova Esperança,Universidade,PB,João Pessoa,-7.115,-34.86306,openalex,https://openalex.org/I4405256664
Faculdades Oswaldo Cruz,Universidade,,São Paulo,-23.547500610351562,-46.6361083984375,openalex,https://openalex.org/I4210103790
Faesa Centro Universitario,Universidade,,Vitória,-20.30956268310547,-40.31452560424805,openalex,https://openalex.org/I4210087379
FAHOR - Faculdade Horizontina,Universidade,RS,Horizontina,-27.62583,-54.30778,openalex,https://openalex.org/I4405268839
Farmacore (Brazil),ICT,,Ribeirão Preto,-21.17255401611328,-47.859596252441406,openalex,https://openalex.org/I4210150197
Farmoquimica SA (Brazil),ICT,RJ,Rio de Janeiro,-22.90642,-43.18223,openalex,https://openalex.org/I4405267694
Fatec Garça,Universidade,SP,Garça,-22.21056,-49.65611,openalex,https://openalex.org/I4405260835
FATEC São José dos Campos,Universidade,SP,São José dos Campos,-23.17944,-45.88694,openalex,https://openalex.org/I4405263356
Fatec Zona Sul - Dom Paulo Evaristo Arns,Universidade,SP,São Paulo,-23.5475,-46.63611,openalex,https://openalex.org/I4405272353
Federacao Brasileira de Associacoes de Bibliotecarios,ICT,,São Paulo,-23.549898147583008,-46.64540481567383,openalex,https://openalex.org/I4210158923
Federação Brasileira de Psicodrama,ICT,,São Paulo,-23.532230377197266,-46.66413497924805,openalex,https://openalex.org/I4210120290
Federal Center for Technological Education Celso Suckow da Fonseca,Universidade,,Rio de Janeiro,-22.912050247192383,-43.22452163696289,openalex,https://openalex.org/I158509141
Federal Center for Technological Education of Minas Gerais,Universidade,MG,Belo Horizonte,-19.92083,-43.93778,openalex,https://openalex.org/I4210136482
Federal Government of Brazil,ICT,,Brasília,-15.779720306396484,-47.92972183227539,openalex,https://openalex.org/I2801200668
Federal Institute of São Paulo,Universidade,SP,São Paulo,-23.5475,-46.63611,openalex,https://openalex.org/I107371206
Federal Police of Brazil,ICT,,Brasília,-15.80580997467041,-47.88161087036133,openalex,https://openalex.org/I880818075
Federal Senate,ICT,,Brasília,-15.798721313476562,-47.864051818847656,openalex,https://openalex.org/I4210155180
Federal University of São João del-Rei,Universidade,MG,São João del Rei,-21.13556,-44.26167,openalex,https://openalex.org/I166595947
Federation of Experimental Biology Societies,ICT,,São Paulo,-23.567636489868164,-46.733158111572266,openalex,https://openalex.org/I4210156409
Feminist Center for Studies and Advisory Services,ICT,,Brasília,-15.797802925109863,-47.88765335083008,openalex,https://openalex.org/I4210144027
Feminist Institute for Democracy,ICT,,Recife,-8.051568031311035,-34.90876007080078,openalex,https://openalex.org/I4210101978
Femto (Brazil),ICT,,São Paulo,-23.609006881713867,-46.62384796142578,openalex,https://openalex.org/I4210144260
Fermavi (Brazil),ICT,,São Paulo,-23.547523498535156,-46.62281036376953,openalex,https://openalex.org/I4210118553
Fermentec (Brazil),ICT,,Piracicaba,-22.730234146118164,-47.621238708496094,openalex,https://openalex.org/I4210109988
Fernand Braudel Institute of World Economics,ICT,,São Paulo,-23.545366287231445,-46.6609992980957,openalex,https://openalex.org/I4210155682
Fertility Medical Group,ICT,,São Paulo,-23.581514358520508,-46.6652946472168,openalex,https://openalex.org/I4210116958
FiberWork (Brazil),ICT,,Campinas,-22.84952735900879,-47.04373550415039,openalex,https://openalex.org/I4210162378
Fibraforte (Brazil),ICT,,São José dos Campos,-23.219444274902344,-45.89057922363281,openalex,https://openalex.org/I4210090933
Finamac (Brazil),ICT,,São Paulo,-23.59883689880371,-46.60944366455078,openalex,https://openalex.org/I4210147287
Financiadora de Estudos e Projetos,ICT,,Rio de Janeiro,-22.909196853637695,-43.181800842285156,openalex,https://openalex.org/I2803087665
Fisioatual (Brazil),ICT,,São Paulo,-23.548202514648438,-46.63483810424805,openalex,https://openalex.org/I4210093699
Flavor Tec (Brazil),ICT,,Pindorama,-21.197097778320312,-48.91973876953125,openalex,https://openalex.org/I4210143783
Fleury S.A. (Brazil),ICT,,São Paulo,-23.637693405151367,-46.645660400390625,openalex,https://openalex.org/I4210148096
Fleximedical (Brazil),ICT,,Rio de Janeiro,-23.00410270690918,-43.320552825927734,openalex,https://openalex.org/I4210117461
Flexmedia (Brazil),ICT,,São Paulo,-23.624507904052734,-46.66574478149414,openalex,https://openalex.org/I4210109818
Flyever (Brazil),ICT,,São Carlos,-22.014461517333984,-47.87174606323242,openalex,https://openalex.org/I4210164405
Fmaiis (Brazil),ICT,,São Paulo,-23.581518173217773,-46.782470703125,openalex,https://openalex.org/I4210091257
Folha (Brazil),ICT,,São Paulo,-23.53740882873535,-46.64558410644531,openalex,https://openalex.org/I4210104103
Forest Science and Research Institute,ICT,,Piracicaba,-22.707141876220703,-47.629058837890625,openalex,https://openalex.org/I4210117389
Formatto (Brazil),ICT,,São Paulo,-23.53011703491211,-46.200626373291016,openalex,https://openalex.org/I4210137218
Fortelab (Brazil),ICT,,São Carlos,-22.026277542114258,-47.90998077392578,openalex,https://openalex.org/I4210136123
Forum Brasileiro de Segurança Pública,ICT,,São Paulo,-23.551008224487305,-46.679447174072266,openalex,https://openalex.org/I4210120582
Fórum de Entidades Nacionais da Psicologia Brasileira,ICT,,São Paulo,-23.546567916870117,-46.68806457519531,openalex,https://openalex.org/I4210121296
Fórum Nacional das Entidades Civis de Defesa do Consumidor,ICT,,Recife,-8.060005187988281,-34.88180923461914,openalex,https://openalex.org/I4210159780
Fórum Nacional pela Democratização da Comunicação,ICT,,Brasília,-15.775014877319336,-47.888668060302734,openalex,https://openalex.org/I4210158173
Fosbrasil (Brazil),ICT,,Cajati,-24.725406646728516,-48.10708236694336,openalex,https://openalex.org/I4210137164
Fotonica (Brazil),ICT,,Campinas,-22.847026824951172,-47.07658386230469,openalex,https://openalex.org/I4210115463
Foundation for Research Support of the Federal District,ICT,,Brasília,-15.796172142028809,-47.94883346557617,openalex,https://openalex.org/I4210140169
Foundation for Scientific and Technological Development in Health,ICT,RJ,Rio de Janeiro,-22.90642,-43.18223,openalex,https://openalex.org/I4405270886
Fucape Business School,Universidade,ES,Vitória,-20.31944,-40.33778,openalex,https://openalex.org/I4210094603
Fultec Inox (Brazil),ICT,,São Carlos,-22.074745178222656,-47.882080078125,openalex,https://openalex.org/I4210137629
Fundação Altino Ventura,Instituto de Pesquisa,,Recife,-8.059054374694824,-34.889774322509766,openalex,https://openalex.org/I4210098775
Fundação André Tosello,Instituto de Pesquisa,,Campinas,-22.86284828186035,-47.05984115600586,openalex,https://openalex.org/I4210149936
Fundação Apinco de Ciência e Tecnologia Avícolas,Instituto de Pesquisa,,Campinas,-22.888063430786133,-47.078277587890625,openalex,https://openalex.org/I4210123194
Fundação Apolônio Salles de Desenvolvimento Educacional,Instituto de Pesquisa,,Recife,-8.014612197875977,-34.9503173828125,openalex,https://openalex.org/I4210129513
Fundação Araucária,Instituto de Pesquisa,,Curitiba,-25.448211669921875,-49.2468147277832,openalex,https://openalex.org/I4210134862
Fundação Armando Alvares Penteado,Instituto de Pesquisa,,São Paulo,-23.210304260253906,-45.90208053588867,openalex,https://openalex.org/I65794948
Fundação Ataulpho de Paiva,Instituto de Pesquisa,,Rio de Janeiro,-22.903423309326172,-43.21585464477539,openalex,https://openalex.org/I4210088554
Fundação Bahiana de Infectologia,Instituto de Pesquisa,,Salvador,-12.99097728729248,-38.52031326293945,openalex,https://openalex.org/I4210107841
Fundação Bienal de São Paulo,Instituto de Pesquisa,,São Paulo,-23.587989807128906,-46.653892517089844,openalex,https://openalex.org/I4210164376
Fundação Bio Rio,Instituto de Pesquisa,,Rio de Janeiro,-22.83995246887207,-43.230926513671875,openalex,https://openalex.org/I4210164262
Fundação Carlos Chagas,Instituto de Pesquisa,SP,São Paulo,-23.5475,-46.63611,openalex,https://openalex.org/I4210154871
Fundação Carlos Chagas Filho de Amparo à Pesquisa do Estado do Rio de Janeiro,Instituto de Pesquisa,RJ,Rio de Janeiro,-22.90642,-43.18223,openalex,https://openalex.org/I4210148226
Fundação Casa de Rui Barbosa,Instituto de Pesquisa,,Rio de Janeiro,-22.949012756347656,-43.18702697753906,openalex,https://openalex.org/I4210152022
Fundacao Casimiro Montenegro Filho,Instituto de Pesquisa,SP,São José dos Campos,-23.17944,-45.88694,openalex,https://openalex.org/I4405273174
Fundação Cearense de Apoio ao Desenvolvimento Científico e Tecnológico,Instituto de Pesquisa,,Fortaleza,-3.7958340644836426,-38.497947692871094,openalex,https://openalex.org/I4210089653
Fundação Cearense de Meteorologia e Recursos Hídricos,Instituto de Pesquisa,,Fortaleza,-3.733522891998291,-38.508934020996094,openalex,https://openalex.org/I4210118243
Fundação CECIERJ,Instituto de Pesquisa,,Rio de Janeiro,-22.954269409179688,-43.18096160888672,openalex,https://openalex.org/I4210158800
Fundação Centro de Estudos do Universo,Instituto de Pesquisa,,Brotas,-22.284170150756836,-48.126670837402344,openalex,https://openalex.org/I4210163785
Fundação Centro de Hematologia e Hemoterapia de Minas Gerais,Instituto de Pesquisa,,Belo Horizonte,-21.136947631835938,-44.273834228515625,openalex,https://openalex.org/I4210156083
Fundação Centro Médico de Campinas,Instituto de Pesquisa,SP,Campinas,-22.90556,-47.06083,openalex,https://openalex.org/I4405273736
Fundação Cesgranrio,Instituto de Pesquisa,,Rio de Janeiro,-22.939233779907227,-43.196048736572266,openalex,https://openalex.org/I4210116930
"Fundação Coordenação de Projetos, Pesquisas e Estudos Tecnológicos",Instituto de Pesquisa,RJ,Rio de Janeiro,-22.90642,-43.18223,openalex,https://openalex.org/I4405273484
Fundação de Amparo à Ciência e Tecnologia de Pernambuco,Instituto de Pesquisa,,Recife,-8.060477256774902,-34.901546478271484,openalex,https://openalex.org/I4210121774
Fundação de Amparo à Pesquisa do Espírito Santo,Instituto de Pesquisa,,Vitória,-20.305479049682617,-40.32022476196289,openalex,https://openalex.org/I4210130578
Fundação de Amparo à Pesquisa do Estado da Bahia,Instituto de Pesquisa,,Salvador,-13.007801055908203,-38.5120964050293,openalex,https://openalex.org/I1302262991
Fundação de Amparo à Pesquisa do Estado de Alagoas,Instituto de Pesquisa,AL,Maceió,-9.66583,-35.73528,openalex,https://openalex.org/I4405272896
Fundação de Amparo à Pesquisa do Estado de Mato Grosso,Instituto de Pesquisa,,Cuiabá,-15.565523147583008,-56.07222366333008,openalex,https://openalex.org/I4210148996
Fundação de Amparo à Pesquisa do Estado de Minas Gerais,Instituto de Pesquisa,,Belo Horizonte,-19.940351486206055,-43.93672180175781,openalex,https://openalex.org/I4210096501
Fundação de Amparo à Pesquisa do Estado de São Paulo,Instituto de Pesquisa,SP,São Paulo,-23.5475,-46.63611,openalex,https://openalex.org/I4210116822
Fundação de Amparo à Pesquisa do Estado do Amapá,Instituto de Pesquisa,AP,Macapá,0.03889,-51.06639,openalex,https://openalex.org/I4405271545
Fundação de Amparo à Pesquisa do Estado do Amazonas,Instituto de Pesquisa,,Manaus,-3.074737071990967,-60.027835845947266,openalex,https://openalex.org/I4210115634
Fundação de Amparo à Pesquisa do Estado do Piauí,Instituto de Pesquisa,,Teresina,-5.096158981323242,-42.79901123046875,openalex,https://openalex.org/I4210111839
Fundação de Amparo à Pesquisa do Estado do Rio Grande do Sul,Instituto de Pesquisa,,Porto Alegre,-30.03282928466797,-51.23019027709961,openalex,https://openalex.org/I4210158017
Fundação de Amparo à Pesquisa e ao Desenvolvimento Científico e Tecnológico do Maranhão,Instituto de Pesquisa,MA,São Luís,-2.52972,-44.30278,openalex,https://openalex.org/I4210132745
Fundação de Amparo à Pesquisa e Extensão Universitária,Instituto de Pesquisa,,Trindade,-27.59061050415039,-48.54697036743164,openalex,https://openalex.org/I4210145774
Fundação de Amparo à Pesquisa e Inovação do Estado de Santa Catarina,Instituto de Pesquisa,,Florianópolis,-27.571210861206055,-48.50905227661133,openalex,https://openalex.org/I4210153541
Fundação de Apoio à Escola Técnica,Instituto de Pesquisa,,Rio de Janeiro,-22.909698486328125,-43.18872833251953,openalex,https://openalex.org/I4210100111
Fundação de Apoio à Pesquisa,Instituto de Pesquisa,GO,Goiânia,-16.67861,-49.25389,openalex,https://openalex.org/I4405267790
Fundação de Apoio à Pesquisa do Estado da Paraíba,Instituto de Pesquisa,PB,Campina Grande,-7.23056,-35.88111,openalex,https://openalex.org/I4210116433
Fundação de Apoio a Pesquisa do Estado de Goiás,Instituto de Pesquisa,,Goiânia,-16.675710678100586,-49.250404357910156,openalex,https://openalex.org/I4210086399
Fundação de Apoio à Pesquisa do Rio Grande do Norte,Instituto de Pesquisa,,Lagoa Nova,-5.831038951873779,-35.21213912963867,openalex,https://openalex.org/I4210162455
Fundação de Apoio à Universidade de São Paulo,Universidade,SP,São Paulo,-23.5475,-46.63611,openalex,https://openalex.org/I4210125622
Fundação de Apoio à Universidade do Rio Grande,Universidade,,Rio Grande,-32.07459259033203,-52.1663932800293,openalex,https://openalex.org/I4210139693
Fundação de Apoio à Universidade Federal de São Paulo,Universidade,SP,São Paulo,-23.5475,-46.63611,openalex,https://openalex.org/I4210090944
Fundação de Apoio ao Desenvolvimento da Computação Científica,Instituto de Pesquisa,,Rio de Janeiro,-22.95737075805664,-43.176700592041016,openalex,https://openalex.org/I4210110015
"Fundação de Apoio ao Desenvolvimento do Ensino, Ciência e Tecnologia do Estado de Mato Grosso do Sul",Instituto de Pesquisa,,Campo Grande,-20.447093963623047,-54.600440979003906,openalex,https://openalex.org/I4210159724
Fundação de Apoio ao Instituto de Pesquisas Tecnológicas,Instituto de Pesquisa,,São Paulo,-23.547500610351562,-46.6361083984375,openalex,https://openalex.org/I4210103474
Fundação de Ciência e Tecnologia,Instituto de Pesquisa,,Porto Alegre,-30.036361694335938,-51.23396301269531,openalex,https://openalex.org/I4210129474
"Fundação de Ciência, Aplicações e Tecnologia Espaciais",Instituto de Pesquisa,,São José dos Campos,-23.19025230407715,-45.88666915893555,openalex,https://openalex.org/I4210094270
Fundação de Desenvolvimento da Unicamp,Instituto de Pesquisa,SP,Campinas,-22.90556,-47.06083,openalex,https://openalex.org/I4405271494
Fundação de Desenvolvimento de Tecnópolis,Instituto de Pesquisa,,Goiânia,-16.67860984802246,-49.25389099121094,openalex,https://openalex.org/I4210126867
Fundação de Economia e Estatística Siegfried Emanuel Heuser,Instituto de Pesquisa,,Porto Alegre,-30.0324764251709,-51.22468566894531,openalex,https://openalex.org/I4210134027
Fundação de Empreendimentos Científicos e Tecnológicos,Instituto de Pesquisa,,Brasília,-15.779720306396484,-47.92972183227539,openalex,https://openalex.org/I4210102678
Fundação de Estudo e Pesquisa em Medicina Veterinária e Zootecnia,Instituto de Pesquisa,,Belo Horizonte,-19.861066818237305,-43.958465576171875,openalex,https://openalex.org/I4210118113
Fundação de Estudos Agrários Luiz de Queiroz,Instituto de Pesquisa,SP,Piracicaba,-22.72528,-47.64917,openalex,https://openalex.org/I4210086201
Fundação de Estudos e Pesquisas Aquáticas,Instituto de Pesquisa,,São Paulo,-23.567102432250977,-46.709190368652344,openalex,https://openalex.org/I4210149592
Fundação de Medicina Tropical,Instituto de Pesquisa,,Manaus,-3.085103988647461,-60.03548049926758,openalex,https://openalex.org/I4210086657
Fundação de Rotarianos de São Paulo,Instituto de Pesquisa,,São Paulo,-23.54097557067871,-46.66062545776367,openalex,https://openalex.org/I4210114064
Fundação de Tecnologia do Estado do Acre,Instituto de Pesquisa,,Rio Branco,-9.94603443145752,-67.8683853149414,openalex,https://openalex.org/I4210163257
Fundação do ABC,Instituto de Pesquisa,,Santo André,-23.663890838623047,-46.538330078125,openalex,https://openalex.org/I4210166216
Fundação do Câncer,Instituto de Pesquisa,,Rio de Janeiro,-22.913965225219727,-43.18354415893555,openalex,https://openalex.org/I4210104976
Fundação Dom Cabral,Instituto de Pesquisa,,Belo Horizonte,-19.92082977294922,-43.93777847290039,openalex,https://openalex.org/I65029402
Fundação Edson Queiroz,Instituto de Pesquisa,CE,Fortaleza,-3.71722,-38.54306,openalex,https://openalex.org/I4210146521
Fundação Educacional D. André Arcoverde,Instituto de Pesquisa,,Valença,-22.247360229492188,-43.69718551635742,openalex,https://openalex.org/I4210115318
Fundação Educacional de Ituverava,Instituto de Pesquisa,,Ituverava,-20.335838317871094,-47.79069519042969,openalex,https://openalex.org/I4210098135
Fundação Educacional Lucas Machado,Instituto de Pesquisa,MG,Belo Horizonte,-19.92083,-43.93778,openalex,https://openalex.org/I4405269307
Fundação Energia e Saneamento,Instituto de Pesquisa,,São Paulo,-23.56181526184082,-46.625831604003906,openalex,https://openalex.org/I4210100244
Fundação Escola de Comércio Álvares Penteado,Instituto de Pesquisa,,São Paulo,-23.5574893951416,-46.63682174682617,openalex,https://openalex.org/I4210151242
Fundação Escola de Sociologia e Política de São Paulo,Instituto de Pesquisa,,São Paulo,-23.547500610351562,-46.6361083984375,openalex,https://openalex.org/I4210129339
Fundação Estadual de Pesquisa Agropecuária,Instituto de Pesquisa,,Porto Alegre,-30.05495262145996,-51.22072219848633,openalex,https://openalex.org/I4210124093
Fundação Estadual de Produção e Pesquisa em Saúde,Instituto de Pesquisa,,Porto Alegre,-30.056638717651367,-51.18549346923828,openalex,https://openalex.org/I4210145983
Fundação Estadual de Proteção Ambiental Henrique Luiz Roessler,Instituto de Pesquisa,,Porto Alegre,-30.028732299804688,-51.228275299072266,openalex,https://openalex.org/I4210146143
Fundação Faculdade de Medicina,Universidade,,São Paulo,-23.557344436645508,-46.66619110107422,openalex,https://openalex.org/I4210148245
Fundação Faculdade de Odontologia,Universidade,,São Paulo,-23.566852569580078,-46.73843765258789,openalex,https://openalex.org/I4210094746
Fundação Getulio Vargas,Instituto de Pesquisa,RJ,Rio de Janeiro,-22.90642,-43.18223,openalex,https://openalex.org/I44202434
Fundação Gorceix,Instituto de Pesquisa,,Ouro Preto,-20.40013885498047,-43.50304412841797,openalex,https://openalex.org/I4210113137
Fundação Hemopa,Instituto de Pesquisa,,Belém,-1.4627699851989746,-48.487266540527344,openalex,https://openalex.org/I4210140912
Fundação Hospitalar de Hematologia e Hemoterapia do Amazonas,Instituto de Pesquisa,,Manaus,-3.085200071334839,-60.02722930908203,openalex,https://openalex.org/I4210149171
Fundação Hospitalar do Estado de Minas Gerais,Instituto de Pesquisa,,Belo Horizonte,-19.984743118286133,-43.98686218261719,openalex,https://openalex.org/I4210161537
Fundação Instituto de Pesca do Estado do Rio de Janeiro,Instituto de Pesquisa,,Niterói,-22.884262084960938,-43.121437072753906,openalex,https://openalex.org/I4210127091
"Fundação Instituto de Pesquisas Contábeis, Atuariais e Financeiras",Instituto de Pesquisa,SP,São Paulo,-23.5475,-46.63611,openalex,https://openalex.org/I4405273733
Fundação João Pinheiro,Instituto de Pesquisa,MG,Belo Horizonte,-19.92083,-43.93778,openalex,https://openalex.org/I4210089366
Fundacao Joaquim Nabuco,Instituto de Pesquisa,,Recife,-8.030374526977539,-34.925106048583984,openalex,https://openalex.org/I4210150739
Fundação Jorge Duprat Figueiredo de Segurança e Medicina do Trabalho,Instituto de Pesquisa,,São Paulo,-23.55551528930664,-46.676856994628906,openalex,https://openalex.org/I4210106982
Fundação Liberato,Instituto de Pesquisa,,Novo Hamburgo,-29.693078994750977,-51.14902114868164,openalex,https://openalex.org/I4210113571
Fundação Meridional de Apoio à Pesquisa Agropecuária,Instituto de Pesquisa,,Londrina,-23.31948471069336,-51.16646194458008,openalex,https://openalex.org/I4210113485
"Fundação Municipal do Meio Ambiente, Pesquisa, Ciência, Tecnologia, Esporte e Lazer de Arraial do Cabo",Instituto de Pesquisa,RJ,Arraial do Cabo,-22.95505,-42.06098,openalex,https://openalex.org/I4405258915
Fundação Museu do Homem Americano,Instituto de Pesquisa,,São Raimundo Nonato,-9.033204078674316,-42.700653076171875,openalex,https://openalex.org/I4210109120
Fundação Nacional de Desenvolvimento do Ensino Superior Particular,Instituto de Pesquisa,DF,Brasília,-15.77972,-47.92972,openalex,https://openalex.org/I4405268236
Fundação Nacional de Saúde,Instituto de Pesquisa,DF,Brasília,-15.77972,-47.92972,openalex,https://openalex.org/I4405273069
Fundação Oswaldo Cruz,Instituto de Pesquisa,RJ,Rio de Janeiro,-22.90642,-43.18223,openalex,https://openalex.org/I52325
Fundação Otorrinolaringologia,Instituto de Pesquisa,,São Paulo,-23.55628776550293,-46.67543411254883,openalex,https://openalex.org/I4210143329
Fundação Padre Albino,Instituto de Pesquisa,,Catanduva,-21.14249038696289,-48.96854782104492,openalex,https://openalex.org/I4210148210
Fundacao Padre Leonel Franca,Instituto de Pesquisa,,Rio de Janeiro,-22.97824478149414,-43.23345947265625,openalex,https://openalex.org/I4210094192
Fundação para o Desenvolvimento da UNESP,Instituto de Pesquisa,,São Paulo,-23.547500610351562,-46.6361083984375,openalex,https://openalex.org/I4210115194
Fundação para o Desenvolvimento Médico e Hospitalar,Instituto de Pesquisa,,Bauru,-22.316972732543945,-49.068931579589844,openalex,https://openalex.org/I4210086989
Fundação para o Vestibular da Universidade Estadual Paulista “Júlio de Mesquita Filho” (VUNESP),Universidade,SP,São Paulo,-23.5475,-46.63611,openalex,https://openalex.org/I4405263044
Fundação Parque Tecnológico da Paraíba,Instituto de Pesquisa,,Campina Grande,-7.206015110015869,-35.922149658203125,openalex,https://openalex.org/I4210157614
Fundação Parque Tecnológico Itaipu,Instituto de Pesquisa,,Foz do Iguaçu,-25.547779083251953,-54.58805847167969,openalex,https://openalex.org/I4210110725
Fundação Paulista de Tecnologia e Educação,Instituto de Pesquisa,,Lins,-21.665740966796875,-49.73240280151367,openalex,https://openalex.org/I4210146778
Fundação Planetário da Cidade do Rio de Janeiro,Instituto de Pesquisa,,Rio de Janeiro,-22.978248596191406,-43.23023223876953,openalex,https://openalex.org/I4210143308
Fundação Pró-Sangue Hemocentro de São Paulo,Instituto de Pesquisa,,São Paulo,-23.557157516479492,-46.66832733154297,openalex,https://openalex.org/I4210157969
Fundação Renova,Instituto de Pesquisa,MG,Belo Horizonte,-19.92083,-43.93778,openalex,https://openalex.org/I4405273065
Fundação Saúde,Instituto de Pesquisa,,Rio de Janeiro,-22.953062057495117,-43.19947052001953,openalex,https://openalex.org/I4210101210
Fundação Técnico Educacional Souza Marques,Instituto de Pesquisa,,Rio de Janeiro,-22.882780075073242,-43.33852005004883,openalex,https://openalex.org/I4210167315
Fundação Universitária de Cardiologia,Instituto de Pesquisa,RS,Porto Alegre,-30.03283,-51.23019,openalex,https://openalex.org/I4210113197
Fundação Universitária de Itaperuna,Instituto de Pesquisa,RJ,Itaperuna,-21.205,-41.88778,openalex,https://openalex.org/I4405261283
Fundacao Universitaria Jose Bonifacio,Instituto de Pesquisa,,Rio de Janeiro,-22.95265769958496,-43.17373275756836,openalex,https://openalex.org/I4210123925
Fundação Universitária Mário Martins,Instituto de Pesquisa,RS,Porto Alegre,-30.03283,-51.23019,openalex,https://openalex.org/I4405275900
Fundação Universitária Vida Cristã,Instituto de Pesquisa,,Pindamonhangaba,-22.925111770629883,-45.46171951293945,openalex,https://openalex.org/I4210124405
Fundação Valeparaibana de Ensino,Instituto de Pesquisa,SP,São José dos Campos,-23.17944,-45.88694,openalex,https://openalex.org/I4405272932
Fundação Zerbini,Instituto de Pesquisa,,São Paulo,-23.557180404663086,-46.66603088378906,openalex,https://openalex.org/I4210087263
Fundace,ICT,,Ribeirão Preto,-21.178123474121094,-47.80902862548828,openalex,https://openalex.org/I4210144841
Fundepag,ICT,,São Paulo,-23.52986717224121,-46.6722526550293,openalex,https://openalex.org/I4210105830
"Fundmed Pesquisa, Ensino e Inovacao",ICT,,Porto Alegre,-30.03826141357422,-51.2065544128418,openalex,https://openalex.org/I4210105747
Fundo Brasil,ICT,,São Paulo,-23.56733512878418,-46.68453598022461,openalex,https://openalex.org/I4210142934
Fundo de Defesa da Citricultura,ICT,SP,Araraquara,-21.79444,-48.17556,openalex,https://openalex.org/I4210086896
Fundo para o Desenvolvimento Tecnológico das Telecomunicações,ICT,,Brasília,-15.796713829040527,-47.86717987060547,openalex,https://openalex.org/I4210144732
Gastro Obeso Center,ICT,,São Paulo,-23.556550979614258,-46.6527214050293,openalex,https://openalex.org/I4210122999
Gastrocirurgia de Brasília,ICT,,Brasília,-15.81371784210205,-47.91312026977539,openalex,https://openalex.org/I4210096331
Geledés Instituto da Mulher Negra,ICT,,São Paulo,-23.542606353759766,-46.64693069458008,openalex,https://openalex.org/I4210115509
Genoa (Brazil),ICT,,São Paulo,-23.566730499267578,-46.687984466552734,openalex,https://openalex.org/I4210098452
Genomic (Brazil),ICT,SP,São Paulo,-23.5475,-46.63611,openalex,https://openalex.org/I4210166855
Genotyping BPI (Brazil),ICT,,Botucatu,-22.86901092529297,-48.46364212036133,openalex,https://openalex.org/I4210119184
Gentros (Brazil),ICT,,Campinas,-22.84560775756836,-47.051124572753906,openalex,https://openalex.org/I4210086556
Geoambiente (Brazil),ICT,,São José dos Campos,-23.206079483032227,-45.953025817871094,openalex,https://openalex.org/I4210122221
Geodados (Brazil),ICT,,São José do Rio Preto,-20.824979782104492,-49.39466857910156,openalex,https://openalex.org/I4210165629
Geotecno (Brazil),ICT,,Santa Bárbara d'Oeste,-22.7797908782959,-47.36909484863281,openalex,https://openalex.org/I4210158713
Gepco (Brazil),ICT,,Guarulhos,-23.426759719848633,-46.4160270690918,openalex,https://openalex.org/I4210095375
Gerenciamento Tecnologia e Sistemas (Brazil),ICT,,São Carlos,-22.00187110900879,-47.89299392700195,openalex,https://openalex.org/I4210086382
Germinal (Brazil),ICT,,São Paulo,-23.244495391845703,-47.06496810913086,openalex,https://openalex.org/I4210110802
Gestos,ICT,,Recife,-8.059527397155762,-34.89286804199219,openalex,https://openalex.org/I4210103727
Gisplan (Brazil),ICT,,Rio de Janeiro,-23.00581932067871,-43.31271743774414,openalex,https://openalex.org/I4210148752
GlaxoSmithKline (Brazil),ICT,,Rio de Janeiro,-22.9719181060791,-43.416446685791016,openalex,https://openalex.org/I4210153875
Global Pet (Brazil),ICT,,São Carlos,-22.0440616607666,-47.8721923828125,openalex,https://openalex.org/I4210146204
GlobalMag (Brazil),ICT,,Cotia,-23.596710205078125,-46.85121536254883,openalex,https://openalex.org/I4210087903
Governador Celso Ramos Hospital,ICT,,Florianópolis,-27.588226318359375,-48.55110549926758,openalex,https://openalex.org/I4210161913
Governo do Distrito Federal,ICT,DF,Brasília,-15.77972,-47.92972,openalex,https://openalex.org/I4210117354
Governo do Estado de Alagoas,ICT,,Maceió,-9.661927223205566,-35.74068832397461,openalex,https://openalex.org/I4210091217
Governo do Estado de Mato Grosso,ICT,,Cuiabá,-14.751946449279785,-57.343505859375,openalex,https://openalex.org/I4210162356
Governo do Estado de Paraíba,ICT,,João Pessoa,-7.133573055267334,-34.88288116455078,openalex,https://openalex.org/I4210114819
Governo do Estado de São Paulo,ICT,SP,São Paulo,-23.5475,-46.63611,openalex,https://openalex.org/I4210127296
Governo do Estado do Rio de Janeiro,ICT,RJ,Rio de Janeiro,-22.90642,-43.18223,openalex,https://openalex.org/I4210142084
Governo do Estado do Rio Grande do Sul,ICT,,Porto Alegre,-30.03282928466797,-51.23019027709961,openalex,https://openalex.org/I4210099365
Governo do Pará,ICT,,Marabá,-2.4172959327697754,-54.71467208862305,openalex,https://openalex.org/I4210126761
Griaule Biometrics (Brazil),ICT,,Campinas,-22.82276153564453,-47.070865631103516,openalex,https://openalex.org/I4210162591
"Group of Institutes, Foundations and Enterprises",ICT,,São Paulo,-23.577726364135742,-46.68611145019531,openalex,https://openalex.org/I4210148802
Grupo Anchieta,ICT,,Jundiaí,-23.186389923095703,-46.88417053222656,openalex,https://openalex.org/I4210130457
Grupo de Açãoe Estudos Ambientais,ICT,,Amparo,-22.722965240478516,-46.84044647216797,openalex,https://openalex.org/I4210131625
Grupo Guaçu (Brazil),ICT,,São Paulo,-22.284286499023438,-46.95951843261719,openalex,https://openalex.org/I4210088344
Grupo Hospitalar Conceição,ICT,,Porto Alegre,-30.010520935058594,-51.15936279296875,openalex,https://openalex.org/I4210131915
Grupo Ibmec Educacional,Universidade,,Rio de Janeiro,-22.91220474243164,-43.173927307128906,openalex,https://openalex.org/I4210108164
Grupo Montecitrus,ICT,,São Paulo,-20.895652770996094,-48.63637924194336,openalex,https://openalex.org/I4210093942
Grupo Realizar,ICT,,Petrópolis,-22.50935935974121,-43.16618728637695,openalex,https://openalex.org/I4210104046
Grupo Santa Casa de Belo Horizonte,ICT,,Belo Horizonte,-19.924840927124023,-43.92552185058594,openalex,https://openalex.org/I4210123796
Gtac Solutions (Brazil),ICT,,São Paulo,-23.193931579589844,-45.90241241455078,openalex,https://openalex.org/I4210143779
Guarulhos University,Universidade,,Guarulhos,-23.48933219909668,-46.54603958129883,openalex,https://openalex.org/I4210106491
Guatifer Usinagem e Ferramentaria (Brazil),ICT,,São Paulo,-23.5985164642334,-46.592567443847656,openalex,https://openalex.org/I4210149393
Gyrofly (Brazil),ICT,,São José dos Campos,-23.15668296813965,-45.79281234741211,openalex,https://openalex.org/I4210162117
Hélio Alonso University,Universidade,,Rio de Janeiro,-22.89981460571289,-43.275146484375,openalex,https://openalex.org/I4210090646
Hemorio,ICT,RJ,Rio de Janeiro,-22.90642,-43.18223,openalex,https://openalex.org/I4210088663
Herbicat (Brazil),ICT,,Catanduva,-21.12285614013672,-48.98861312866211,openalex,https://openalex.org/I4210088748
Hexalab (Brazil),ICT,,Santos,-23.97212028503418,-46.301971435546875,openalex,https://openalex.org/I4210156040
Hilab (Brazil),ICT,PR,Curitiba,-25.42778,-49.27306,openalex,https://openalex.org/I4405263299
Hospital Adventista Silvestre,ICT,,Rio de Janeiro,-22.942373275756836,-43.20355224609375,openalex,https://openalex.org/I4210163686
Hospital Alemão Oswaldo Cruz,ICT,,São Paulo,-23.569183349609375,-46.642948150634766,openalex,https://openalex.org/I4210098119
Hospital Alvorada,ICT,,São Paulo,-23.601402282714844,-46.66108322143555,openalex,https://openalex.org/I4210087478
Hospital Amaral Carvalho,ICT,SP,Jaú,-22.29639,-48.55778,openalex,https://openalex.org/I4210112644
Hospital Ana Nery,ICT,RS,Santa Cruz do Sul,-29.61531,-52.41097,openalex,https://openalex.org/I4405257275
Hospital Ana Nery,ICT,BA,Salvador,-12.97563,-38.49096,openalex,https://openalex.org/I4210145392
Hospital Araújo Jorge,ICT,,Goiânia,-16.676876068115234,-49.246856689453125,openalex,https://openalex.org/I4210112957
Hospital Bandeirantes,ICT,,São Paulo,-23.55801010131836,-46.63475799560547,openalex,https://openalex.org/I4210167359
Hospital Central da Polícia Militar,ICT,,Rio de Janeiro,-22.913000106811523,-43.20383071899414,openalex,https://openalex.org/I4210131018
Hospital da Mulher São Paulo,ICT,SP,São Paulo,-23.5475,-46.63611,openalex,https://openalex.org/I4210143548
Hospital da Restauração,ICT,,Recife,-8.05359935760498,-34.8979377746582,openalex,https://openalex.org/I4210160961
Hospital das Clínicas da Faculdade de Medicina da Universidade de São Paulo,Universidade,SP,São Paulo,-23.5475,-46.63611,openalex,https://openalex.org/I4210145268
Hospital das Clínicas da Universidade Federal de Minas Gerais,Universidade,,Belo Horizonte,-19.923046112060547,-43.92941665649414,openalex,https://openalex.org/I4210134014
Hospital das Clínicas da Universidade Federal de Pernambuco,Universidade,,Recife,-8.047439575195312,-34.94621276855469,openalex,https://openalex.org/I4210138879
Hospital das Clínicas Samuel Libânio,ICT,,Pouso Alegre,-22.224891662597656,-45.929847717285156,openalex,https://openalex.org/I4210135630
Hospital de Base,ICT,,Brasília,-15.800104141235352,-47.88840866088867,openalex,https://openalex.org/I2800698854
Hospital de Câncer de Barretos,ICT,,Barretos,-20.557220458984375,-48.567779541015625,openalex,https://openalex.org/I4210093009
Hospital de Câncer de Pernambuco,ICT,,Recife,-8.053890228271484,-34.88111114501953,openalex,https://openalex.org/I4210109363
Hospital de Clínicas da Unicamp,ICT,,Campinas,-22.905559539794922,-47.060829162597656,openalex,https://openalex.org/I4210148978
Hospital de Clínicas de Porto Alegre,ICT,RS,Porto Alegre,-30.03283,-51.23019,openalex,https://openalex.org/I4210097146
Hospital de Clínicas Universidade Federal do Paraná,Universidade,,Curitiba,-25.424591064453125,-49.2623405456543,openalex,https://openalex.org/I4210134516
Hospital de Messejana,ICT,,Fortaleza,-3.8159608840942383,-38.500465393066406,openalex,https://openalex.org/I4210113782
Hospital do Câncer III,ICT,RJ,Rio de Janeiro,-22.90642,-43.18223,openalex,https://openalex.org/I4210095423
Hospital do Coração,ICT,,São Paulo,-23.572765350341797,-46.643924713134766,openalex,https://openalex.org/I4210140911
Hospital do Rim e Hipertensão,ICT,SP,São Paulo,-23.5475,-46.63611,openalex,https://openalex.org/I4210144677
Hospital do Rocio,ICT,PR,Campo Largo,-25.45955,-49.53014,openalex,https://openalex.org/I4405267454
Hospital do Servidor Público Estadual,ICT,,São Paulo,-23.547500610351562,-46.6361083984375,openalex,https://openalex.org/I4210149451
Hospital do Servidor Público Municipal,ICT,,São Paulo,-23.49262809753418,-46.616546630859375,openalex,https://openalex.org/I4210090574
Hospital e Maternidade Celso Pierro,ICT,,Campinas,-22.833650588989258,-47.05108642578125,openalex,https://openalex.org/I4210132510
Hospital Erasto Gaertner,ICT,,Curitiba,-25.452978134155273,-49.239315032958984,openalex,https://openalex.org/I4210107299
Hospital Ernesto Dornelles,ICT,,Porto Alegre,-30.047592163085938,-51.21210479736328,openalex,https://openalex.org/I4210129278
Hospital Estadual Centra,ICT,,Vitória,-20.317058563232422,-40.34020233154297,openalex,https://openalex.org/I4210146020
Hospital Estadual Mário Covas,ICT,,Santo André,-23.670547485351562,-46.53290939331055,openalex,https://openalex.org/I4210086208
Hospital Federal dos Servidores do Estado,ICT,,Rio de Janeiro,-22.896642684936523,-43.18818283081055,openalex,https://openalex.org/I4210109640
Hospital Felício Rocho,ICT,MG,Belo Horizonte,-19.92083,-43.93778,openalex,https://openalex.org/I4210094466
Hospital Fernandes Távora,ICT,,Fortaleza,-3.712677001953125,-38.57304382324219,openalex,https://openalex.org/I4210148276
Hospital Geral de Bonsucesso,ICT,,Rio de Janeiro,-22.866710662841797,-43.24870681762695,openalex,https://openalex.org/I4210126391
Hospital Geral de Fortaleza,ICT,,Fortaleza,-3.739084005355835,-38.47697067260742,openalex,https://openalex.org/I4210165349
Hospital Haroldo Juaçaba,ICT,,Fortaleza,-3.74521803855896,-38.55317306518555,openalex,https://openalex.org/I4210114510
Hospital Heliópolis,ICT,,São Paulo,-23.607955932617188,-46.594364166259766,openalex,https://openalex.org/I4210102483
Hospital Infantil Albert Sabin,ICT,,Fortaleza,-3.763046979904175,-38.53178024291992,openalex,https://openalex.org/I4210140247
Hospital Infantil Joana de Gusmão,ICT,,Florianópolis,-27.576416015625,-48.534759521484375,openalex,https://openalex.org/I4210136854
Hospital IPO,ICT,,Curitiba,-25.46493148803711,-49.29076385498047,openalex,https://openalex.org/I4210112354
Hospital Israelita Albert Einstein,ICT,,São Paulo,-23.547500610351562,-46.6361083984375,openalex,https://openalex.org/I2800288331
Hospital Leforte,ICT,,São Paulo,-23.585710525512695,-46.71770477294922,openalex,https://openalex.org/I4210098585
Hospital Madre Teresa,ICT,,Belo Horizonte,-19.943307876586914,-43.957218170166016,openalex,https://openalex.org/I4210088808
Hospital Mãe de Deus,ICT,,Porto Alegre,-30.03177833557129,-51.17805480957031,openalex,https://openalex.org/I4210165415
Hospital Moinhos de Vento,ICT,RS,Porto Alegre,-30.03283,-51.23019,openalex,https://openalex.org/I4210085984
Hospital Municipal São José,ICT,,Joinville,-26.30891990661621,-48.84648895263672,openalex,https://openalex.org/I4210124925
Hospital Municipal Souza Aguiar,ICT,,Rio de Janeiro,-22.908897399902344,-43.19058609008789,openalex,https://openalex.org/I4210125303
Hospital Napoleão Laureano,ICT,,Jaguaribe,-7.1293768882751465,-34.87266159057617,openalex,https://openalex.org/I4210117665
Hospital Nossa Senhora da Conceição,ICT,SC,Tubarão,-28.46667,-49.00694,openalex,https://openalex.org/I4210117002
Hospital Nossa Senhora das Graças,ICT,,Curitiba,-25.420896530151367,-49.29064178466797,openalex,https://openalex.org/I4210110607
Hospital of Sobrapar,ICT,,Campinas,-22.82741928100586,-47.06818389892578,openalex,https://openalex.org/I4210100100
Hospital Oftalmologico de Brasília,ICT,,Brasília,-15.779720306396484,-47.92972183227539,openalex,https://openalex.org/I4210128416
Hospital Ortopédico de Passo Fundo,ICT,,Passo Fundo,-28.256460189819336,-52.41756057739258,openalex,https://openalex.org/I4210090672
Hospital Pitangueiras,ICT,,Jundiaí,-23.20245933532715,-46.88368225097656,openalex,https://openalex.org/I4210150772
Hospital Pró-Cardíaco,ICT,,Rio de Janeiro,-22.956253051757812,-43.18666458129883,openalex,https://openalex.org/I4210151502
Hospital Regional de Presidente Prudente,ICT,,Presidente Prudente,-22.12106704711914,-51.39292526245117,openalex,https://openalex.org/I4210124356
Hospital Regional de São José Dr. Homero de Miranda Gomes,ICT,,São José,-27.60966682434082,-48.63005065917969,openalex,https://openalex.org/I4210106823
Hospital Regional Publico do Araguaia,ICT,,Redenção,-8.022150039672852,-50.04256057739258,openalex,https://openalex.org/I4210154772
Hospital Risoleta Tolentino Neves,ICT,,Belo Horizonte,-19.817888259887695,-43.94907760620117,openalex,https://openalex.org/I4210146875
Hospital Samaritano de São Paulo,ICT,,São Paulo,-23.538991928100586,-46.661685943603516,openalex,https://openalex.org/I4210097205
Hospital Santa Izabel,ICT,,Salvador,-12.971428871154785,-38.503013610839844,openalex,https://openalex.org/I4210113104
Hospital Santa Luzia,ICT,DF,Brasília,-15.77972,-47.92972,openalex,https://openalex.org/I4210087599
Hospital Santa Marcelina,ICT,,São Paulo,-23.55440330505371,-46.46103286743164,openalex,https://openalex.org/I4210144368
Hospital Santa Paula,ICT,,São Paulo,-23.60558319091797,-46.678157806396484,openalex,https://openalex.org/I4210097720
Hospital São Domingos,ICT,,São Luís,-2.523153066635132,-44.245086669921875,openalex,https://openalex.org/I4210164671
Hospital São José do Avaí,ICT,,Itaperuna,-21.202009201049805,-41.88972854614258,openalex,https://openalex.org/I4210093373
Hospital São Lucas da PUCRS,ICT,,Porto Alegre,-30.03282928466797,-51.23019027709961,openalex,https://openalex.org/I4210137261
Hospital São Paulo,ICT,SP,São Paulo,-23.5475,-46.63611,openalex,https://openalex.org/I4210162743
Hospital São Rafael,ICT,,Salvador,-12.928220748901367,-38.43030548095703,openalex,https://openalex.org/I4210119789
Hospital São Vicente,ICT,,Curitiba,-25.434816360473633,-49.28025436401367,openalex,https://openalex.org/I4210117764
Hospital São Vicente de Paulo,ICT,,Rio de Janeiro,-22.915971755981445,-43.21595001220703,openalex,https://openalex.org/I4210111429
Hospital Sepaco,ICT,,São Paulo,-23.595340728759766,-46.62786102294922,openalex,https://openalex.org/I4210141479
Hospital Sírio-Libanês,ICT,,São Paulo,-23.556354522705078,-46.654518127441406,openalex,https://openalex.org/I4210149843
Hospital Socor,ICT,,Belo Horizonte,-19.92082977294922,-43.93777847290039,openalex,https://openalex.org/I4210108569
Hospital TotalCor,ICT,,São Paulo,-23.56744956970215,-46.65089416503906,openalex,https://openalex.org/I4210100996
Hospital Ulysses Pernambucano,ICT,PE,Recife,-8.05389,-34.88111,openalex,https://openalex.org/I4405267269
Hospital Universitário - Universidade Federal de Juiz de Fora,Universidade,,Juiz de Fora,-21.74968719482422,-43.35805130004883,openalex,https://openalex.org/I4210088805
Hospital Universitário Antônio Pedro,ICT,,Niterói,-22.883329391479492,-43.10361099243164,openalex,https://openalex.org/I4210135112
Hospital Universitário Cajuru,ICT,,Curitiba,-25.435930252075195,-49.24537658691406,openalex,https://openalex.org/I4210117379
Hospital Universitário Clementino Fraga Filho,ICT,,Rio de Janeiro,-22.90641975402832,-43.18223190307617,openalex,https://openalex.org/I4210138087
Hospital Universitário da Universidade de São Paulo,Universidade,,São Paulo,-23.547500610351562,-46.6361083984375,openalex,https://openalex.org/I4210142721
Hospital Universitário da Universidade Federal do Maranhão,Universidade,,São Luís,-2.5297200679779053,-44.30278015136719,openalex,https://openalex.org/I4210127746
Hospital Universitário de Brasília,ICT,,Brasília,-15.779720306396484,-47.92972183227539,openalex,https://openalex.org/I4210136843
Hospital Universitário de Santa Maria,ICT,,Santa Maria,-29.713790893554688,-53.71552276611328,openalex,https://openalex.org/I4210090040
Hospital Universitário Evangélico de Curitiba,ICT,,Curitiba,-25.43439292907715,-49.29214859008789,openalex,https://openalex.org/I4210117182
Hospital Universitário Gaffrée e Guinle,ICT,,Rio de Janeiro,-22.90641975402832,-43.18223190307617,openalex,https://openalex.org/I4210089562
Hospital Universitário Getúlio Vargas,Universidade,AM,Manaus,-3.10194,-60.025,openalex,https://openalex.org/I4405261484
Hospital Universitário Lauro Wanderley,ICT,,João Pessoa,-7.135378837585449,-34.84052658081055,openalex,https://openalex.org/I4210119618
Hospital Universitário Onofre Lopes,ICT,,Natal,-5.795000076293945,-35.20943832397461,openalex,https://openalex.org/I4210094979
Hospital Universitário Oswaldo Cruz,ICT,,Recife,-8.0476655960083,-34.88773727416992,openalex,https://openalex.org/I4210119912
Hospital Universitário Pedro Ernesto,ICT,,Rio de Janeiro,-22.90641975402832,-43.18223190307617,openalex,https://openalex.org/I4210099359
Hospital Universitário Regional do Norte do Paraná,ICT,,Londrina,-23.310279846191406,-51.16278076171875,openalex,https://openalex.org/I4210102985
Hospital Universitário Walter Cantídio,ICT,,Fortaleza,-3.749397039413452,-38.551456451416016,openalex,https://openalex.org/I4210106783
Hytron (Brazil),ICT,,Sumaré,-22.825498580932617,-47.21414566040039,openalex,https://openalex.org/I4210108062
IBM (Brazil),ICT,,São Paulo,-23.57965087890625,-46.64910888671875,openalex,https://openalex.org/I4210167072
IBM Research - Brazil,ICT,,Rio de Janeiro,-22.94968032836914,-43.177085876464844,openalex,https://openalex.org/I4210113516
Icra Produtos Para Cerâmica (Brazil),ICT,,Mogi Guaçu,-22.34748649597168,-46.92304611206055,openalex,https://openalex.org/I4210106639
Idea Electronic Systems (Brazil),ICT,,Campinas,-22.83038330078125,-47.075477600097656,openalex,https://openalex.org/I4210135548
Igarapé Institute,ICT,,Rio de Janeiro,-22.90641975402832,-43.18223190307617,openalex,https://openalex.org/I4210096389
Illinois Tool Works (Brazil),ICT,,São Paulo,-23.558828353881836,-46.695499420166016,openalex,https://openalex.org/I4210148316
Imag Indústria e Comércio de Componentes Eletrônicos (Brasil),ICT,,Ribeirão Pires,-23.715816497802734,-46.39228439331055,openalex,https://openalex.org/I4210138846
IMAGINE Studios,ICT,RJ,Rio de Janeiro,-22.90642,-43.18223,openalex,https://openalex.org/I4405262764
Imazon,ICT,,Belém,-1.4558299779891968,-48.50444030761719,openalex,https://openalex.org/I4210135491
Incon Eletrônica (Brazil),ICT,,São Carlos,-22.03274154663086,-47.88020324707031,openalex,https://openalex.org/I4210093816
Incontrol (Brazil),ICT,,São Paulo,-23.50135040283203,-46.67010498046875,openalex,https://openalex.org/I4210129987
Incubadora Tecnológica Univap Revap (Brazil),ICT,,São José dos Campos,-23.172639846801758,-45.821502685546875,openalex,https://openalex.org/I4210155270
Indústria Brasileira de Máquinas e Equipamentos (Brazil),ICT,,São Paulo,-23.499013900756836,-46.667598724365234,openalex,https://openalex.org/I4210158712
Inesc P&D Brasil,ICT,,Santos,-23.963674545288086,-46.33061599731445,openalex,https://openalex.org/I4210163266
Infibra (Brazil),ICT,,Leme,-22.205183029174805,-47.394775390625,openalex,https://openalex.org/I4210159834
Innovatech (Brazil),ICT,,São Paulo,-23.56405258178711,-46.734954833984375,openalex,https://openalex.org/I4210106594
Innovatech Telecom (Brazil),ICT,,Campinas,-22.895645141601562,-47.06066131591797,openalex,https://openalex.org/I4210114969
Innovation Center Denmark,ICT,,São Paulo,-23.56654167175293,-46.66562271118164,openalex,https://openalex.org/I4210120559
Inovamat (Brazil),ICT,,São Carlos,-22.003870010375977,-47.91448211669922,openalex,https://openalex.org/I4210094938
Inovax (Brazil),ICT,,Rio de Janeiro,-22.860536575317383,-43.222469329833984,openalex,https://openalex.org/I4210103833
Inselli Engenharia e Ciência Aplicada (Brazil),ICT,,Sertãozinho,-21.132043838500977,-47.98796844482422,openalex,https://openalex.org/I4210156284
Insolita Studios (Brazil),ICT,,São Paulo,-23.54802894592285,-46.658897399902344,openalex,https://openalex.org/I4210110669
Insper,Universidade,,São Paulo,-23.547500610351562,-46.6361083984375,openalex,https://openalex.org/I52977244
Instituição Toledo de Ensino,Universidade,,Bauru,-22.325592041015625,-49.0927619934082,openalex,https://openalex.org/I4210134160
Institut Pasteur de São Paulo,ICT,SP,São Paulo,-23.5475,-46.63611,openalex,https://openalex.org/I4396570492
Institute for Research and Innovation in Irrigated Agriculture,ICT,,Fortaleza,-3.733109951019287,-38.52854537963867,openalex,https://openalex.org/I4210148002
"Institute for Society, Population and Nature",ICT,,Brasília,-15.761422157287598,-47.892276763916016,openalex,https://openalex.org/I4210095147
Institute for Technology & Society,ICT,,Rio de Janeiro,-22.903478622436523,-43.175384521484375,openalex,https://openalex.org/I4210134293
Institute of Animal Science and Pastures,ICT,,Nova Odessa,-22.774648666381836,-47.29368591308594,openalex,https://openalex.org/I4210116017
Institute of Applied Economic Research,ICT,,Brasília,-15.798553466796875,-47.88075637817383,openalex,https://openalex.org/I3131024195
Institute of Economic Research Foundation,ICT,,São Paulo,-23.554275512695312,-46.757442474365234,openalex,https://openalex.org/I4210094646
Institute of Homeopathy James Tyler Kent,ICT,,Rio de Janeiro,-22.908458709716797,-43.24375915527344,openalex,https://openalex.org/I4210137979
Institute of Integrated Clinical Research (Brazil),ICT,,Jundiaí,-23.176298141479492,-46.909549713134766,openalex,https://openalex.org/I4210131502
Institute of Religious Studies,ICT,,Rio de Janeiro,-22.92112922668457,-43.175933837890625,openalex,https://openalex.org/I4210142205
Instituto ABCD,ICT,,Pinheiro,-23.562284469604492,-46.68473815917969,openalex,https://openalex.org/I4210091991
Instituto Adolfo Lutz,ICT,,São Paulo,-23.555280685424805,-46.668453216552734,openalex,https://openalex.org/I2799912023
Instituto Agronômico de Pernambuco,ICT,PE,Recife,-8.05389,-34.88111,openalex,https://openalex.org/I4210086488
Instituto Agronômico do Paraná,ICT,,Londrina,-23.315593719482422,-51.15413284301758,openalex,https://openalex.org/I4210166948
Instituto Akatu,ICT,,São Paulo,-23.580324172973633,-46.678409576416016,openalex,https://openalex.org/I4210155697
Instituto Alergoimuno de Americana,ICT,,Americana,-22.74953269958496,-47.34111404418945,openalex,https://openalex.org/I4210159162
Instituto Alfa e Beto,ICT,SP,São Paulo,-23.5475,-46.63611,openalex,https://openalex.org/I4405267501
Instituto Ânima,ICT,SP,São Paulo,-23.5475,-46.63611,openalex,https://openalex.org/I4405271955
Instituto Anísio Teixeira,Universidade,BA,Salvador,-12.97563,-38.49096,openalex,https://openalex.org/I4405260946
Instituto Argonauta,ICT,,Ubatuba,-23.445159912109375,-45.07002639770508,openalex,https://openalex.org/I4210117604
Instituto Australis,ICT,,Imbituba,-28.226680755615234,-48.67015838623047,openalex,https://openalex.org/I4210133920
Instituto Barretos de Tecnologia,ICT,,Barretos,-20.557722091674805,-48.5616340637207,openalex,https://openalex.org/I4210102206
Instituto Benjamin Constant,ICT,,Rio de Janeiro,-22.978843688964844,-43.23316192626953,openalex,https://openalex.org/I240707841
Instituto Biológico,ICT,,São Paulo,-23.588001251220703,-46.64881134033203,openalex,https://openalex.org/I134493880
Instituto Biopesca,ICT,,Praia Grande,-24.004732131958008,-46.400672912597656,openalex,https://openalex.org/I4210109506
Instituto Brasil Estados Unidos,ICT,,Rio de Janeiro,-22.9025821685791,-43.17879867553711,openalex,https://openalex.org/I4210085875
Instituto Brasileiro de Análises Sociais e Econômicas,ICT,,Rio de Janeiro,-22.90484619140625,-43.177978515625,openalex,https://openalex.org/I4210163221
Instituto Brasileiro de Ciências Criminais,ICT,SP,São Paulo,-23.62703,-46.63503,openalex,https://openalex.org/I4405255954
Instituto Brasileiro de Controle do Câncer,ICT,,São Paulo,-23.547500610351562,-46.6361083984375,openalex,https://openalex.org/I4210164593
Instituto Brasileiro de Defesa do Consumidor,ICT,,São Paulo,-23.529457092285156,-46.673763275146484,openalex,https://openalex.org/I4210145139
Instituto Brasileiro de Direito Processual Penal,ICT,RS,Porto Alegre,-30.03283,-51.23019,openalex,https://openalex.org/I4405255177
"Instituto Brasileiro de Ensino, Desenvolvimento e Pesquisa",Universidade,DF,Brasília,-15.77972,-47.92972,openalex,https://openalex.org/I4405264959
Instituto Brasileiro de Informação em Ciência e Tecnologia,ICT,,Brasília,-15.779720306396484,-47.92972183227539,openalex,https://openalex.org/I4210088975
Instituto Brasileiro de Mercado de Capitais,Universidade,,Rio de Janeiro,-22.912317276000977,-43.173885345458984,openalex,https://openalex.org/I90844405
Instituto Brasileiro de Museus,ICT,,Brasília,-15.788536071777344,-47.87839126586914,openalex,https://openalex.org/I4210137136
Instituto Brasileiro de Osteopatia,Universidade,,São Paulo,-23.556964874267578,-46.66263198852539,openalex,https://openalex.org/I4210088391
"Instituto Brasileiro de Tecnologia do Couro, Calçado e Artefatos",ICT,,Novo Hamburgo,-29.70417594909668,-51.14259338378906,openalex,https://openalex.org/I4210088142
Instituto Brasileiro Sou Enfermagem,ICT,MA,São Luís,-2.52972,-44.30278,openalex,https://openalex.org/I4405266439
Instituto Brasiliense de Otorrinolaringologia,ICT,,Brasília,-15.784199714660645,-47.884891510009766,openalex,https://openalex.org/I4210116062
Instituto Butantan,ICT,SP,São Paulo,-23.5475,-46.63611,openalex,https://openalex.org/I2800423888
Instituto By Brasil,ICT,,Petrópolis,-22.509540557861328,-43.18677520751953,openalex,https://openalex.org/I4210122149
"Instituto Capixaba de Pesquisa, Assistência Técnica e Extensão Rural",ICT,,Vitória,-20.85068702697754,-41.10776901245117,openalex,https://openalex.org/I4210163545
Instituto Cérebro e Mente,ICT,BA,Salvador,-12.97563,-38.49096,openalex,https://openalex.org/I4405270102
Instituto Chico Mendes de Conservação da Biodiversidade,ICT,DF,Brasília,-15.77972,-47.92972,openalex,https://openalex.org/I4210139426
Instituto Cuiabano de Educação,Universidade,,Cuiabá,-15.614121437072754,-56.081520080566406,openalex,https://openalex.org/I4210167373
Instituto Cultural Cravo Albin,ICT,,Rio de Janeiro,-22.94870376586914,-43.163509368896484,openalex,https://openalex.org/I4210143386
Instituto Cultural Steve Biko,ICT,,Salvador,-12.968989372253418,-38.50779724121094,openalex,https://openalex.org/I4210128248
Instituto da Visão,ICT,MG,Belo Horizonte,-19.92083,-43.93778,openalex,https://openalex.org/I4210115398
Instituto Dante Pazzanese de Cardiologia,ICT,,São Paulo,-23.58489227294922,-46.65098571777344,openalex,https://openalex.org/I4210152499
Instituto de Aeronáutica e Espaço,ICT,,São José dos Campos,-23.20305061340332,-45.87333297729492,openalex,https://openalex.org/I4210123805
"Instituto de Biociências, Letras e Ciências Exatas, câmpus de São José do Rio Preto",Universidade,SP,São José do Rio Preto,-20.81972,-49.37944,openalex,https://openalex.org/I4405272171
Instituto de Biologia do Exército,ICT,,Rio de Janeiro,-22.8934326171875,-43.24189758300781,openalex,https://openalex.org/I4210118630
Instituto de Biologia Molecular do Paraná,ICT,,Curitiba,-25.494001388549805,-49.33367156982422,openalex,https://openalex.org/I4210093950
Instituto de Botânica,ICT,,São Paulo,-23.63353729248047,-46.6248893737793,openalex,https://openalex.org/I4210104851
Instituto de Cardiologia de Santa Catarina,ICT,,São José,-27.597408294677734,-48.613189697265625,openalex,https://openalex.org/I4210138642
Instituto de Cardiologia do Distrito Federal,ICT,,Brasília,-15.802212715148926,-47.935768127441406,openalex,https://openalex.org/I4210094925
Instituto de Ciências Farmacêuticas,ICT,,Goiás,-16.74757957458496,-49.3043212890625,openalex,https://openalex.org/I4210131245
Instituto de Conservação de Animais Silvestres,ICT,,Campo Grande,-20.451513290405273,-54.565006256103516,openalex,https://openalex.org/I4210155916
Instituto de Controle do Espaço Aéreo,ICT,,São José dos Campos,-23.209352493286133,-45.870689392089844,openalex,https://openalex.org/I4210125764
Instituto de Defesa Agropecuária e Florestal do Espírito Santo,ICT,ES,Vitória,-20.31944,-40.33778,openalex,https://openalex.org/I4405256205
Instituto de Dermatologia Dona Libania,ICT,,Fortaleza,-3.7298049926757812,-38.53369903564453,openalex,https://openalex.org/I4210104063
Instituto de Desenvolvimento Sustentável Mamirauá,ICT,AM,Tefé,-3.36841,-64.72054,openalex,https://openalex.org/I4210147329
Instituto de Economia Agrícola,ICT,SP,São Paulo,-23.5475,-46.63611,openalex,https://openalex.org/I4405260515
Instituto de Ensino e Pesquisa Santa Casa,ICT,,Belo Horizonte,-19.92205238342285,-43.9262580871582,openalex,https://openalex.org/I4210090178
Instituto de Ensinos Superiores da Amazônia,Universidade,,Belém,-1.4502429962158203,-48.48347091674805,openalex,https://openalex.org/I4210113799
Instituto de Estudos de Saúde Suplementar,ICT,,São Paulo,-23.554750442504883,-46.63251495361328,openalex,https://openalex.org/I4210102447
Instituto de Estudos do Mar Almirante Paulo Moreira,ICT,,Arraial do Cabo,-22.97703742980957,-42.02183532714844,openalex,https://openalex.org/I4210086706
Instituto de Estudos do Trabalho e Sociedade,ICT,,Rio de Janeiro,-22.92799949645996,-43.17405700683594,openalex,https://openalex.org/I4210139071
Instituto de Estudos para Políticas de Saúde,ICT,SP,São Paulo,-23.5475,-46.63611,openalex,https://openalex.org/I4405268857
Instituto de Física de São Carlos,Universidade,SP,São Carlos,-22.0175,-47.89083,openalex,https://openalex.org/I4405267372
Instituto de Gastroenterologia de Goiânia,ICT,,Goiânia,-16.67926788330078,-49.2685432434082,openalex,https://openalex.org/I4210104017
Instituto de Infectologia Emílio Ribas,ICT,,São Paulo,-23.556161880493164,-46.66746520996094,openalex,https://openalex.org/I4210091200
Instituto de Medicina Avançada,ICT,,Campinas,-22.897418975830078,-47.06817626953125,openalex,https://openalex.org/I4210094101
Instituto de Medicina Física e Reabilitação,ICT,SP,São Paulo,-23.5475,-46.63611,openalex,https://openalex.org/I4405266836
Instituto de Medicina Integral Professor Fernando Figueira,ICT,,Recife,-8.06728458404541,-34.89061737060547,openalex,https://openalex.org/I4210111560
Instituto de Moléstias Cardiovasculares,ICT,,São José do Rio Preto,-20.8475341796875,-49.39288330078125,openalex,https://openalex.org/I4210149684
Instituto de Neurociências e Comportamento,ICT,,Ribeirão Preto,-21.173553466796875,-47.84174346923828,openalex,https://openalex.org/I4210095102
Instituto de Neurologia de Curitiba,ICT,,Curitiba,-25.442710876464844,-49.3377685546875,openalex,https://openalex.org/I4210148598
Instituto de Olhos de Goiânia,ICT,GO,Goiânia,-16.67861,-49.25389,openalex,https://openalex.org/I4210131980
Instituto de Oncologia do Paraná,ICT,,Curitiba,-25.404417037963867,-49.27112579345703,openalex,https://openalex.org/I4210137585
Instituto de Patologia da Coluna,ICT,,São Paulo,-23.574764251708984,-46.6402473449707,openalex,https://openalex.org/I4210117687
Instituto de Pesca,ICT,,São Paulo,-23.529972076416016,-46.66753387451172,openalex,https://openalex.org/I4210119805
Instituto de Pesquisa Ambiental da Amazônia,Instituto de Pesquisa,,Belém,-1.4558299779891968,-48.50444030761719,openalex,https://openalex.org/I4210122360
Instituto de Pesquisa e Estratégia Econômica do Ceará,Instituto de Pesquisa,CE,Fortaleza,-3.71722,-38.54306,openalex,https://openalex.org/I4405267855
Instituto de Pesquisa para Economia Digital,Instituto de Pesquisa,,Brazil,-10,-55,openalex,https://openalex.org/I4405253321
Instituto de Pesquisas Cananéia,Instituto de Pesquisa,,Cananéia,-25.006282806396484,-47.92693328857422,openalex,https://openalex.org/I4210160819
Instituto de Pesquisas Científicas e Tecnológicas do Estado do Amapá,Instituto de Pesquisa,AP,Macapá,0.03889,-51.06639,openalex,https://openalex.org/I4405256628
Instituto de Pesquisas da Marinha,Instituto de Pesquisa,,Rio de Janeiro,-22.820755004882812,-43.187599182128906,openalex,https://openalex.org/I4210099534
Instituto de Pesquisas e Estudos Afro Brasileiros,Instituto de Pesquisa,,Rio de Janeiro,-22.91961669921875,-43.17869567871094,openalex,https://openalex.org/I4210146910
Instituto de Pesquisas Ecológicas,Instituto de Pesquisa,,São Paulo,-22.52895164489746,-52.180362701416016,openalex,https://openalex.org/I4210093923
Instituto de Pesquisas Eldorado,Instituto de Pesquisa,SP,Campinas,-22.90556,-47.06083,openalex,https://openalex.org/I4405263078
Instituto de Pesquisas Energéticas e Nucleares,Instituto de Pesquisa,,São Paulo,-23.566360473632812,-46.738075256347656,openalex,https://openalex.org/I4210111762
Instituto de Pesquisas Jardim Botânico do Rio de Janeiro,Instituto de Pesquisa,,Rio de Janeiro,-22.967357635498047,-43.22505569458008,openalex,https://openalex.org/I4210128604
Instituto de Pesquisas Tecnológicas,Instituto de Pesquisa,,São Paulo,-23.547500610351562,-46.6361083984375,openalex,https://openalex.org/I4210142765
Instituto de Psicologia Comportamental de São Carlos,Universidade,,São Carlos,-22.007230758666992,-47.88811111450195,openalex,https://openalex.org/I4210143699
Instituto de Química de São Carlos,Universidade,SP,São Carlos,-22.0175,-47.89083,openalex,https://openalex.org/I4405263178
Instituto de Radioproteção e Dosimetria,ICT,,Rio de Janeiro,-22.991451263427734,-43.42009735107422,openalex,https://openalex.org/I4210097162
Instituto de Saúde,ICT,,São Paulo,-23.55117416381836,-46.644107818603516,openalex,https://openalex.org/I4210131358
Instituto de Tecnologia de Alimentos,Instituto de Pesquisa,,Campinas,-22.874847412109375,-47.07897186279297,openalex,https://openalex.org/I4210090181
Instituto de Tecnologia de Pernambuco,Instituto de Pesquisa,PE,Recife,-8.05389,-34.88111,openalex,https://openalex.org/I4210126826
Instituto de Tecnologia do Paraná,Instituto de Pesquisa,PR,Curitiba,-25.42778,-49.27306,openalex,https://openalex.org/I4210113667
Instituto de Tecnologia e Liderança,Instituto de Pesquisa,SP,São Paulo,-23.62703,-46.63503,openalex,https://openalex.org/I4405253867
Instituto de Tecnologia e Pesquisa,Instituto de Pesquisa,,Aracaju,-10.911109924316406,-37.07167053222656,openalex,https://openalex.org/I4210122720
Instituto de Terapia Integrada e Oriental,ICT,,São Paulo,-23.58857536315918,-46.633487701416016,openalex,https://openalex.org/I4210154390
Instituto de Terras do Pará,ICT,,Belém,-1.4510749578475952,-48.46756362915039,openalex,https://openalex.org/I4210165832
Instituto de Urologia e Nefrologia,ICT,,São José do Rio Preto,-20.819719314575195,-49.37944030761719,openalex,https://openalex.org/I4210117720
Instituto do Câncer do Estado de São Paulo,ICT,,São Paulo,-23.55411720275879,-46.667152404785156,openalex,https://openalex.org/I4210088998
Instituto do Cérebro,ICT,,Porto Alegre,-30.03282928466797,-51.23019027709961,openalex,https://openalex.org/I4210085948
Instituto do Cérebro de Brasília,ICT,,Brasília,-15.825428009033203,-47.92903518676758,openalex,https://openalex.org/I4210136829
Instituto do Coração - HCFMUSP,ICT,SP,São Paulo,-23.5475,-46.63611,openalex,https://openalex.org/I4405258467
Instituto do Sono,ICT,,São Paulo,-23.594568252563477,-46.64106750488281,openalex,https://openalex.org/I4210153843
Instituto EcoFaxina,ICT,SP,Santos,-23.96083,-46.33361,openalex,https://openalex.org/I4405254126
Instituto Ekko Brasil,ICT,SC,Florianópolis,-27.59667,-48.54917,openalex,https://openalex.org/I4405266890
"Instituto Eqüit – Gênero, Economia e Cidadania Global",ICT,,Rio de Janeiro,-22.916168212890625,-43.17787551879883,openalex,https://openalex.org/I4210117302
Instituto Estadual de Diabetes e Endocrinologia Luiz Capriglione,ICT,RJ,Rio de Janeiro,-22.90642,-43.18223,openalex,https://openalex.org/I4210162388
Instituto Estadual do Cérebro Paulo Niemeyer,ICT,RJ,Rio de Janeiro,-22.90642,-43.18223,openalex,https://openalex.org/I4210163486
Instituto Evandro Chagas,ICT,,Ananindeua,-1.3746750354766846,-48.38547134399414,openalex,https://openalex.org/I4210144600
Instituto Federal Catarinense,Instituto de Pesquisa,,Blumenau,-26.9194393157959,-49.06610870361328,openalex,https://openalex.org/I4210118451
Instituto Federal da Bahia,Instituto de Pesquisa,,Salvador,-12.975629806518555,-38.49095916748047,openalex,https://openalex.org/I130913789
Instituto Federal de Educação Ciência e Tecnologia da Paraíba,Instituto de Pesquisa,,João Pessoa,-7.114999771118164,-34.863059997558594,openalex,https://openalex.org/I3018006580
Instituto Federal de Educação Ciência e Tecnologia do Norte de Minas Gerais,Instituto de Pesquisa,,Januária,-15.479679107666016,-44.36433792114258,openalex,https://openalex.org/I4210143109
"Instituto Federal de Educação, Ciência e Tecnologia Baiano",Instituto de Pesquisa,BA,Salvador,-12.97563,-38.49096,openalex,https://openalex.org/I240808814
"Instituto Federal de Educação, Ciência e Tecnologia de Alagoas",Instituto de Pesquisa,AL,Maceió,-9.66583,-35.73528,openalex,https://openalex.org/I4210155484
"Instituto Federal de Educação, Ciência e Tecnologia de Brasília",Instituto de Pesquisa,,Brasília,-15.779720306396484,-47.92972183227539,openalex,https://openalex.org/I3129743071
"Instituto Federal de Educação, Ciência e Tecnologia de Mato Grosso",Instituto de Pesquisa,,Cuiabá,-15.56152629852295,-56.10004806518555,openalex,https://openalex.org/I3018305852
"Instituto Federal de Educação, Ciência e Tecnologia de Minas Gerais",Instituto de Pesquisa,,Belo Horizonte,-19.92082977294922,-43.93777847290039,openalex,https://openalex.org/I140062455
"Instituto Federal de Educação, Ciência e Tecnologia de Pernambuco",Instituto de Pesquisa,,Recife,-8.053890228271484,-34.88111114501953,openalex,https://openalex.org/I2800363144
"Instituto Federal de Educação, Ciência e Tecnologia de Rondônia",Instituto de Pesquisa,,Porto Velho,-8.761940002441406,-63.90388870239258,openalex,https://openalex.org/I4210096682
"Instituto Federal de Educação, Ciência e Tecnologia de Roraima",Instituto de Pesquisa,,Boa Vista,2.8197200298309326,-60.6733283996582,openalex,https://openalex.org/I4210151761
"Instituto Federal de Educação, Ciência e Tecnologia de Santa Catarina",Instituto de Pesquisa,SC,Florianópolis,-27.59667,-48.54917,openalex,https://openalex.org/I47403697
"Instituto Federal de Educação, Ciência e Tecnologia do Ceará",Instituto de Pesquisa,,Fortaleza,-3.7172200679779053,-38.543060302734375,openalex,https://openalex.org/I3018325552
"Instituto Federal de Educação, Ciência e Tecnologia do Pará",Instituto de Pesquisa,,Belém,-1.4558299779891968,-48.50444030761719,openalex,https://openalex.org/I4210112416
"Instituto Federal de Educação, Ciência e Tecnologia do Rio Grande do Sul",Instituto de Pesquisa,RS,Bento Gonçalves,-29.17139,-51.51917,openalex,https://openalex.org/I2801049591
"Instituto Federal de Educação, Ciência e Tecnologia do Triângulo Mineiro",Instituto de Pesquisa,,Uberaba,-19.748329162597656,-47.93193817138672,openalex,https://openalex.org/I4210092444
Instituto Federal de Goiás,Instituto de Pesquisa,,Goiânia,-16.67860984802246,-49.25389099121094,openalex,https://openalex.org/I4210132153
Instituto Federal do Acre,Instituto de Pesquisa,,Rio Branco,-9.930542945861816,-67.81785583496094,openalex,https://openalex.org/I4210153385
Instituto Federal do Amapá,Instituto de Pesquisa,,Macapá,0.08624599874019623,-51.09205627441406,openalex,https://openalex.org/I4210129882
Instituto Federal do Amazonas,Instituto de Pesquisa,,Manaus,-3.134190082550049,-60.01291275024414,openalex,https://openalex.org/I4210148508
Instituto Federal do Espírito Santo,Instituto de Pesquisa,,Vitória,-20.319440841674805,-40.3377799987793,openalex,https://openalex.org/I4210160371
Instituto Federal do Maranhão,Instituto de Pesquisa,,São Luís,-2.5436949729919434,-44.29206848144531,openalex,https://openalex.org/I4210147816
Instituto Federal do Paraná,Instituto de Pesquisa,PR,Curitiba,-25.42778,-49.27306,openalex,https://openalex.org/I224309722
Instituto Federal do Piauí,Instituto de Pesquisa,,Teresina,-5.0903801918029785,-42.811458587646484,openalex,https://openalex.org/I4210127128
Instituto Federal do Rio de Janeiro,Instituto de Pesquisa,RJ,Rio de Janeiro,-22.90642,-43.18223,openalex,https://openalex.org/I270441400
Instituto Federal do Rio Grande do Norte,Instituto de Pesquisa,,Natal,-5.749411106109619,-35.260826110839844,openalex,https://openalex.org/I3020002803
Instituto Federal do Sertão Pernambucano,Instituto de Pesquisa,,Petrolina,-9.39861011505127,-40.500831604003906,openalex,https://openalex.org/I4210088940
Instituto Federal do Sudeste de Minas Gerais,Instituto de Pesquisa,,Juiz de Fora,-21.764169692993164,-43.35028076171875,openalex,https://openalex.org/I4210109382
Instituto Federal do Sul de Minas,Instituto de Pesquisa,MG,Pouso Alegre,-22.23,-45.93639,openalex,https://openalex.org/I4210102163
Instituto Federal do Tocantins,Instituto de Pesquisa,,Palmas,-10.199604034423828,-48.312400817871094,openalex,https://openalex.org/I4210139493
Instituto Federal Farroupilha,Instituto de Pesquisa,,Santa Maria,-29.68416976928711,-53.80693817138672,openalex,https://openalex.org/I4210147797
Instituto Federal Fluminense,Instituto de Pesquisa,,Rio de Janeiro,-22.90641975402832,-43.18223190307617,openalex,https://openalex.org/I3018965473
Instituto Federal Goiano,Instituto de Pesquisa,,Goiás,-15.934439659118652,-50.140281677246094,openalex,https://openalex.org/I3020668385
Instituto Federal Sul-rio-grandense,Instituto de Pesquisa,,Pelotas,-31.769969940185547,-52.34101104736328,openalex,https://openalex.org/I4210155777
Instituto Florestal,Universidade,,São Paulo,-23.41609764099121,-46.58425521850586,openalex,https://openalex.org/I4210135767
Instituto FUCAPE de Tecnologias Sociais,ICT,ES,Vitória,-20.2856,-40.31916,openalex,https://openalex.org/I4405268572
Instituto Geológico,ICT,,São Paulo,-23.53077507019043,-46.663177490234375,openalex,https://openalex.org/I4210157632
Instituto Gremar,ICT,,Guarujá,-24.014108657836914,-46.27561950683594,openalex,https://openalex.org/I4210092176
Instituto H. Ellis,ICT,,São Paulo,-23.556438446044922,-46.65240478515625,openalex,https://openalex.org/I4210089504
Instituto Histórico e Geográfico Brasileiro,Universidade,,Rio de Janeiro,-22.914522171020508,-43.17640686035156,openalex,https://openalex.org/I4210103459
Instituto Histórico e Geográfico de São Paulo,ICT,,São Paulo,-23.54964828491211,-46.63556671142578,openalex,https://openalex.org/I4210101836
Instituto Humanize,ICT,RJ,Rio de Janeiro,-22.90642,-43.18223,openalex,https://openalex.org/I4405272321
Instituto Infnet,Universidade,,Rio de Janeiro,-22.905052185058594,-43.177024841308594,openalex,https://openalex.org/I4210096631
Instituto Internacional de Ciencias Sociais,Universidade,,São Paulo,-23.563873291015625,-46.642181396484375,openalex,https://openalex.org/I4210090815
Instituto Internacional de Ecologia (Brazil),ICT,,São Carlos,-22.022388458251953,-47.88859558105469,openalex,https://openalex.org/I4210127272
Instituto Irmãs Santa Marcelina,ICT,,São Paulo,-23.536808013916016,-46.66569900512695,openalex,https://openalex.org/I4210108661
Instituto Ivo Pitanguy,ICT,,Rio de Janeiro,-22.907503128051758,-43.171207427978516,openalex,https://openalex.org/I4210100081
Instituto Kairós,ICT,,Belo Horizonte,-20.05721092224121,-43.918880462646484,openalex,https://openalex.org/I4210156622
Instituto Laura Fressatto,ICT,,Curitiba,-25.449785232543945,-49.29985046386719,openalex,https://openalex.org/I4210102038
Instituto Lauro de Souza Lima,ICT,SP,Bauru,-22.31472,-49.06056,openalex,https://openalex.org/I4210109738
Instituto Lina Bo e P.M. Bardi,ICT,,São Paulo,-23.613096237182617,-46.711978912353516,openalex,https://openalex.org/I4210130261
Instituto Marés,ICT,,Rio de Janeiro,-22.855960845947266,-43.246726989746094,openalex,https://openalex.org/I4210134198
Instituto Maria e Joao Aleixo,ICT,,Rio de Janeiro,-22.90641975402832,-43.18223190307617,openalex,https://openalex.org/I4210136832
Instituto Mauá de Tecnologia,Universidade,,São Caetano do Sul,-23.64794921875,-46.573455810546875,openalex,https://openalex.org/I155501849
Instituto Metodista Izabela Hendrix,Universidade,,Belo Horizonte,-19.932388305664062,-43.94019317626953,openalex,https://openalex.org/I4210096914
Instituto Midia Étnica,ICT,,Salvador,-12.980090141296387,-38.51702117919922,openalex,https://openalex.org/I4210138576
Instituto Nacional da Propriedade Industrial,ICT,,Rio de Janeiro,-22.897279739379883,-43.18076705932617,openalex,https://openalex.org/I4210153431
Instituto Nacional de Câncer - INCA,ICT,RJ,Rio de Janeiro,-22.90642,-43.18223,openalex,https://openalex.org/I4210142683
Instituto Nacional de Cardiologia,ICT,,Rio de Janeiro,-22.90641975402832,-43.18223190307617,openalex,https://openalex.org/I4210106620
Instituto Nacional de Ciência e Tecnologia da Criosfera,ICT,RS,Porto Alegre,-30.03283,-51.23019,openalex,https://openalex.org/I4391768138
Instituto Nacional de Ciência e Tecnologia de Adaptações da Biota Aquática da Amazônia,ICT,,Manaus,-3.10298490524292,-59.99766540527344,openalex,https://openalex.org/I4210093975
Instituto Nacional de Ciência e Tecnologia de Bioanalítica,ICT,SP,Campinas,-22.90556,-47.06083,openalex,https://openalex.org/I4405270873
Instituto Nacional de Ciência e Tecnologia de Catálise em Sistemas Moleculares e Nanoestruturados,ICT,,Florianópolis,-27.596670150756836,-48.549171447753906,openalex,https://openalex.org/I4210121393
Instituto Nacional de Ciência e Tecnologia de Ciência Animal,ICT,,Viçosa,-20.75398826599121,-42.878143310546875,openalex,https://openalex.org/I4210111278
Instituto Nacional de Ciência e Tecnologia de Doenças Tropicais,ICT,,Salvador,-12.9699068069458,-38.51304244995117,openalex,https://openalex.org/I4210151028
Instituto Nacional de Ciência e Tecnologia de Neurociência Translacional,ICT,,São Paulo,-23.59897232055664,-46.64288330078125,openalex,https://openalex.org/I4210137729
Instituto Nacional de Ciência e Tecnologia de Obesidade e Diabetes,ICT,,São Paulo,-23.569564819335938,-46.64472579956055,openalex,https://openalex.org/I4210115037
Instituto Nacional de Ciência e Tecnologia de Processos Redox em Biomedicina,ICT,,São Paulo,-23.5462646484375,-46.64752960205078,openalex,https://openalex.org/I4210125767
Instituto Nacional de Ciência e Tecnologia dos Hymenoptera Parasitóides da Região Sudeste Brasileira,ICT,SP,São Carlos,-22.0175,-47.89083,openalex,https://openalex.org/I4405270121
Instituto Nacional de Ciência e Tecnologia em Eletrônica Orgânica,ICT,,São Carlos,-22.005107879638672,-47.890201568603516,openalex,https://openalex.org/I4210138634
Instituto Nacional de Ciência e Tecnologia em Entomologia Molecular,ICT,,Rio de Janeiro,-22.908906936645508,-43.184600830078125,openalex,https://openalex.org/I4210145356
Instituto Nacional de Ciência e Tecnologia em Excitotoxicidade e Neuroproteção,ICT,,Porto Alegre,-30.036216735839844,-51.21602249145508,openalex,https://openalex.org/I4210151568
Instituto Nacional de Ciência e Tecnologia em Medicina Assistida por Computação Científica,ICT,SP,São Paulo,-23.5475,-46.63611,openalex,https://openalex.org/I4405268874
Instituto Nacional de Ciência e Tecnologia em Nano-Biofarmacêutica,ICT,MG,Belo Horizonte,-19.92083,-43.93778,openalex,https://openalex.org/I4405268139
Instituto Nacional de Ciência e Tecnologia em Nanomateriais de Carbono,ICT,MG,Belo Horizonte,-19.92083,-43.93778,openalex,https://openalex.org/I4210113864
Instituto Nacional de Ciência e Tecnologia em Neuroimunomodulação,ICT,RJ,Rio de Janeiro,-22.25,-42.5,openalex,https://openalex.org/I4405271386
Instituto Nacional de Ciência e Tecnologia em Toxinas,ICT,,São Paulo,-23.569339752197266,-46.7143440246582,openalex,https://openalex.org/I4210125356
Instituto Nacional de Ciência e Tecnologia para o Controle das Intoxicações por Plantas,ICT,,Patos,-7.015048027038574,-37.285335540771484,openalex,https://openalex.org/I4210157115
Instituto Nacional de Ciências dos Materiais em Nanotecnologia,ICT,,Araraquara,-21.805952072143555,-48.19330978393555,openalex,https://openalex.org/I4210101003
Instituto Nacional de Ciências e Tecnologias Analíticas Avançadas,ICT,SP,São Paulo,-23.5475,-46.63611,openalex,https://openalex.org/I4210141506
Instituto Nacional de Educação de Surdos,ICT,,Rio de Janeiro,-22.622966766357422,-43.19603729248047,openalex,https://openalex.org/I4210150931
Instituto Nacional de Estudos e Pesquisas Educacionais Anísio Teixeira,ICT,DF,Brasília,-15.77972,-47.92972,openalex,https://openalex.org/I4405258913
Instituto Nacional de Fotônica Aplicada à Biologia Celular,ICT,SP,Campinas,-22.90556,-47.06083,openalex,https://openalex.org/I4405271815
Instituto Nacional de Matemática Pura e Aplicada,ICT,RJ,Rio de Janeiro,-22.90642,-43.18223,openalex,https://openalex.org/I141883831
"Instituto Nacional de Metrologia, Qualidade e Tecnologia",ICT,,Rio de Janeiro,-22.92837142944336,-43.20817947387695,openalex,https://openalex.org/I40891861
Instituto Nacional de Pesquisa do Pantanal,ICT,MT,Cuiabá,-15.59611,-56.09667,openalex,https://openalex.org/I4405263687
Instituto Nacional de Pesquisa em Resistência Antimicrobiana,ICT,RS,Porto Alegre,-30.03283,-51.23019,openalex,https://openalex.org/I4405269083
Instituto Nacional de Pesquisas da Amazônia,ICT,AM,Manaus,-3.10194,-60.025,openalex,https://openalex.org/I187079419
Instituto Nacional de Pesquisas Espaciais,ICT,SP,São José dos Campos,-23.17944,-45.88694,openalex,https://openalex.org/I80849659
Instituto Nacional de Psiquiatria do Desenvolvimento para Crianças e Adolescentes,ICT,,São Paulo,-23.558683395385742,-46.66781997680664,openalex,https://openalex.org/I4210133738
Instituto Nacional de Tecnologia,ICT,,Rio de Janeiro,-22.896379470825195,-43.184383392333984,openalex,https://openalex.org/I4210107052
Instituto Nacional de Traumatologia e Ortopedia,ICT,,Rio de Janeiro,-22.90641975402832,-43.18223190307617,openalex,https://openalex.org/I4210164859
Instituto Nacional do Semiárido,ICT,,Campina Grande,-7.252468109130859,-35.945709228515625,openalex,https://openalex.org/I4210154832
Instituto Nefrológico de Campinas,ICT,,Campinas,-22.899290084838867,-47.05390167236328,openalex,https://openalex.org/I4210162362
Instituto Noos,ICT,,Rio de Janeiro,-22.95354461669922,-43.192726135253906,openalex,https://openalex.org/I4210148638
Instituto Nupef,ICT,,Rio de Janeiro,-22.95169448852539,-43.19015884399414,openalex,https://openalex.org/I4210118458
"Instituto Nutech de Pesquisa Aplicada em Ciência, Tecnologia e Inovação",ICT,DF,Brasília,-15.77972,-47.92972,openalex,https://openalex.org/I4405266920
Instituto Papai,ICT,,Recife,-8.051345825195312,-34.95917892456055,openalex,https://openalex.org/I4210125063
Instituto para o Desenvolvimento do Jornalismo,ICT,,São Paulo,-23.570213317871094,-46.690673828125,openalex,https://openalex.org/I4210157965
Instituto Paulista de Ensino e Pesquisa,Universidade,,Campinas,-22.909751892089844,-47.05995559692383,openalex,https://openalex.org/I4210124110
Instituto Paulista de Estudos e Pesquisas em Oftalmologia,ICT,,São Paulo,-23.600263595581055,-46.64279556274414,openalex,https://openalex.org/I4210156547
Instituto Paulo Freire,Universidade,,São Paulo,-23.54058265686035,-46.704097747802734,openalex,https://openalex.org/I4210103507
Instituto Paulo Gontijo,ICT,,São Paulo,-23.60519027709961,-46.671966552734375,openalex,https://openalex.org/I4210130541
Instituto Penido Burnier,ICT,,Campinas,-22.902727127075195,-47.070152282714844,openalex,https://openalex.org/I4210091474
Instituto Pensi,ICT,SP,São Paulo,-23.5475,-46.63611,openalex,https://openalex.org/I4405259788
Instituto Polis,ICT,,São Paulo,-23.544492721557617,-46.644813537597656,openalex,https://openalex.org/I4210158678
Instituto Pró-Carnívoros,ICT,,Atibaia,-23.116939544677734,-46.5502815246582,openalex,https://openalex.org/I4210120315
Instituto Rio Grandense do Arroz,ICT,,Porto Alegre,-29.692394256591797,-53.81831741333008,openalex,https://openalex.org/I4210139559
Instituto Sapientia,ICT,,Brasília,-15.726950645446777,-48.036293029785156,openalex,https://openalex.org/I4210135540
Instituto Scribner,ICT,,Curitiba,-25.426855087280273,-49.27264404296875,openalex,https://openalex.org/I4210101387
Instituto Sedes Sapientiae,Universidade,,São Paulo,-23.541000366210938,-46.67444610595703,openalex,https://openalex.org/I4210109247
Instituto Sócioambiental,ICT,SP,São Paulo,-23.5475,-46.63611,openalex,https://openalex.org/I4210130146
Instituto Sou da Paz,ICT,,São Paulo,-23.5564022064209,-46.685791015625,openalex,https://openalex.org/I4210112552
Instituto Superior de Educação do Rio de Janeiro,Universidade,,Rio de Janeiro,-22.91387367248535,-43.21686553955078,openalex,https://openalex.org/I4210145646
Instituto Superior de Teologia Aplicada,Universidade,,Sobral,-3.6946980953216553,-40.343780517578125,openalex,https://openalex.org/I4210105355
Instituto Tecnológico de Aeronáutica,Universidade,SP,São José dos Campos,-23.17944,-45.88694,openalex,https://openalex.org/I107428990
Instituto Tecnológico de Aeronáutica - Campus de Fortaleza,Universidade,CE,Fortaleza,-3.71722,-38.54306,openalex,https://openalex.org/I4405276895
Instituto Todos pela Saúde,ICT,SP,São Paulo,-23.5475,-46.63611,openalex,https://openalex.org/I4405262497
Instituto Tropical de Medicina Reprodutiva,ICT,,Cuiabá,-15.587617874145508,-56.11383056640625,openalex,https://openalex.org/I4210135201
Instituto Uniemp,ICT,,São Paulo,-23.547500610351562,-46.6361083984375,openalex,https://openalex.org/I4210122291
Instituto Universitário de Pesquisas do Rio de Janeiro,ICT,,Rio de Janeiro,-22.90411949157715,-43.17506790161133,openalex,https://openalex.org/I4210090279
Instituto Vascular BH,ICT,,Belo Horizonte,-19.92208480834961,-43.956398010253906,openalex,https://openalex.org/I4210143101
Instituto Vita,ICT,SP,São Paulo,-23.5475,-46.63611,openalex,https://openalex.org/I4210121134
Instituto Vital Brazil (Brazil),ICT,,Rio de Janeiro,-22.90277099609375,-43.301570892333984,openalex,https://openalex.org/I4210131602
Instituto Vladimir Herzog,ICT,,São Paulo,-23.573192596435547,-46.688865661621094,openalex,https://openalex.org/I4210147475
Institutos Lactec,ICT,,Curitiba,-25.4511661529541,-49.235923767089844,openalex,https://openalex.org/I4210160554
Institutos Nacionais de Ciência e Tecnologia,ICT,DF,Brasília,-15.77972,-47.92972,openalex,https://openalex.org/I4210127675
Intecmat (Brazil),ICT,,São Carlos,-22.035581588745117,-47.8751106262207,openalex,https://openalex.org/I4210124899
Intel (Brazil),ICT,,São Paulo,-23.62224006652832,-46.69955825805664,openalex,https://openalex.org/I4210140447
Inter-Metro (Brazil),ICT,,São Paulo,-23.606447219848633,-46.64537048339844,openalex,https://openalex.org/I4210099801
Interministerial Commission for Sea Resources,ICT,,Brasília,-15.80156421661377,-47.869956970214844,openalex,https://openalex.org/I4210106947
International Baby Food Action Network,ICT,,São Paulo,-23.544837951660156,-46.63998794555664,openalex,https://openalex.org/I4210102850
International Committee on Taxonomy of Viruses,ICT,MG,Viçosa,-20.73527,-42.89525,openalex,https://openalex.org/I4405253861
International Institute for Sustainability,ICT,RJ,Rio de Janeiro,-22.90642,-43.18223,openalex,https://openalex.org/I4210145686
InternetLab,ICT,,São Paulo,-23.545373916625977,-46.64362335205078,openalex,https://openalex.org/I4210136907
Invel (Brazil),ICT,,São Paulo,-23.61923599243164,-46.622833251953125,openalex,https://openalex.org/I4210113464
Invenire Internacional Informática (Brazil),ICT,,São Paulo,-23.545665740966797,-46.70478439331055,openalex,https://openalex.org/I4210154182
Ipel - Itibanyl Produtos Especiais (Brazil),ICT,,Jarinu,-23.157569885253906,-46.76305389404297,openalex,https://openalex.org/I4210099259
IPS (Brazil),ICT,,Campinas,-22.913406372070312,-47.06391906738281,openalex,https://openalex.org/I4210103023
Ipsos (Brazil),ICT,,São Paulo,-23.54493522644043,-46.63352584838867,openalex,https://openalex.org/I4210164109
IQX-Inove Qualyx (Brazil),ICT,,Campinas,-22.845836639404297,-47.05130386352539,openalex,https://openalex.org/I4210091064
IRL Immunology: Regulation of host responses and immune health,ICT,SP,Ribeirão Preto,-21.1775,-47.81028,openalex,https://openalex.org/I4405277985
IRL Jean Christophe Yoccoz,ICT,RJ,Rio de Janeiro,-22.90642,-43.18223,openalex,https://openalex.org/I4405277867
IRL Marine Eutrophication Lab,ICT,RJ,Rio de Janeiro,-22.90642,-43.18223,openalex,https://openalex.org/I4405277930
IRL Mondes en Transition,ICT,SP,São Paulo,-23.5475,-46.63611,openalex,https://openalex.org/I4405278048
Irmandade da Santa Casa de Misericórdia de São Paulo,ICT,,São Paulo,-23.460662841796875,-46.58266067504883,openalex,https://openalex.org/I4210087270
IT&D Informação Tecnologia e Desenvolvimento (Brazil),ICT,,Santos,-23.936120986938477,-46.330318450927734,openalex,https://openalex.org/I4210140096
Itabras Mineração (Brazil),ICT,,Jundiaí,-23.16771697998047,-46.96556854248047,openalex,https://openalex.org/I4210147331
Itaipu Binacional,ICT,,Foz do Iguaçu,-25.453182220458984,-54.58440399169922,openalex,https://openalex.org/I4210133000
Itatex (Brazil),ICT,,Campinas,-22.909929275512695,-47.0626335144043,openalex,https://openalex.org/I4210101811
Itaúsa (Brazil),ICT,,São Paulo,-23.55918312072754,-46.65852737426758,openalex,https://openalex.org/I4210155167
Itera - Inovação e Desenvolvimento Tecnológico (Brazil),ICT,,São Carlos,-21.992496490478516,-47.883113861083984,openalex,https://openalex.org/I4210086153
"Iyaleta - Pesquisa, Ciências e Humanidades",Universidade,BA,Salvador,-12.97177,-38.50811,openalex,https://openalex.org/I4405255034
Jesuit School of Philosophy and Theology,Universidade,MG,Belo Horizonte,-19.92083,-43.93778,openalex,https://openalex.org/I2801922374
JG Moriya (Brazil),ICT,,São Paulo,-23.603546142578125,-46.58644104003906,openalex,https://openalex.org/I4210165431
Joalvi Comércio Têxteis Unipessoal (Portugal),ICT,BA,Belmonte,-15.86126,-38.87982,openalex,https://openalex.org/I4405254821
Johnson & Johnson (Brazil),ICT,,São Paulo,-23.528953552246094,-46.6794548034668,openalex,https://openalex.org/I4210160666
Jorge Amado University Center,Universidade,,Salvador,-12.935839653015137,-38.41035842895508,openalex,https://openalex.org/I3131044416
Jotaeme Fitafer (Brazil),ICT,,Franco da Rocha,-23.33309555053711,-46.682411193847656,openalex,https://openalex.org/I4210093994
JP Group (Brazil),ICT,,Ribeirão Preto,-21.1939754486084,-47.77455520629883,openalex,https://openalex.org/I4210165617
Kantar Health (Brazil),ICT,,São Paulo,-23.525728225708008,-46.67635726928711,openalex,https://openalex.org/I4210115148
Kayros Ambiental e Agrícola (Brazil),ICT,,Paulínia,-22.790943145751953,-47.13672637939453,openalex,https://openalex.org/I4210146160
Kehl (Brazil),ICT,,São Carlos,-22.00507164001465,-47.8564338684082,openalex,https://openalex.org/I4210140219
Kidopi (Brazil),ICT,,Ribeirão Preto,-21.147811889648438,-47.858333587646484,openalex,https://openalex.org/I4210151065
Klais Soluções Consultoria e Desenvolvimento (Brazil),ICT,,Campinas,-22.90876579284668,-47.04795455932617,openalex,https://openalex.org/I4210148619
Knowledge Networks & Business Solutions (Brazil),ICT,,Campinas,-22.886253356933594,-47.05860137939453,openalex,https://openalex.org/I4210104763
KOM Lux Fibras Ópticas (Brazil),ICT,,Campinas,-22.934467315673828,-47.068572998046875,openalex,https://openalex.org/I4210121951
Koppert (Brazil),ICT,,Piracicaba,-22.74131202697754,-47.57802963256836,openalex,https://openalex.org/I4210125129
Korth Rfid (Brazil),ICT,,São Carlos,-22.000892639160156,-47.914249420166016,openalex,https://openalex.org/I4210145460
Kroma Equipamentos Especiais (Brazil),ICT,,Botucatu,-22.853988647460938,-48.49211883544922,openalex,https://openalex.org/I4210100630
Kryptus (Brazil),ICT,,Campinas,-22.82994842529297,-47.07508087158203,openalex,https://openalex.org/I4210159561
Labcom Sistemas (Brazil),ICT,,Campinas,-22.828834533691406,-47.078033447265625,openalex,https://openalex.org/I4210142471
Labmass Laboratory,ICT,,Campinas,-22.894237518310547,-47.06460952758789,openalex,https://openalex.org/I4210124253
Laboratório Bacchi,ICT,SP,Botucatu,-22.88583,-48.445,openalex,https://openalex.org/I4210094449
Laboratório Biosintesis P&D,ICT,,São Paulo,-23.647323608398438,-46.596309661865234,openalex,https://openalex.org/I4210147212
Laboratório Central de Microscopia Eletrônica,ICT,SC,Florianópolis,-27.59667,-48.54917,openalex,https://openalex.org/I4405269158
Laboratório de Bioarqueologia Translacional,Universidade,CE,Fortaleza,-3.71722,-38.54306,openalex,https://openalex.org/I4405263400
Laboratório de Ecologia e Limnologia,ICT,MA,Imperatriz,-5.52639,-47.49167,openalex,https://openalex.org/I4405263027
Laboratório DNA Center,ICT,,Natal,-5.79893159866333,-35.20438003540039,openalex,https://openalex.org/I4210096068
Laboratório Interinstitucional de e-Astronomia,ICT,,Rio de Janeiro,-22.897520065307617,-43.22043228149414,openalex,https://openalex.org/I4210150701
Laboratório Nacional de Astrofísica,ICT,,Itajubá,-22.43107032775879,-45.491512298583984,openalex,https://openalex.org/I4210157076
Laboratório Nacional de Ciência e Tecnologia do Bioetanol,ICT,,Campinas,-22.803810119628906,-47.0538215637207,openalex,https://openalex.org/I4210099967
Laboratório Nacional de Computação Científica,ICT,,Petrópolis,-22.5049991607666,-43.178611755371094,openalex,https://openalex.org/I4210142352
Laboratório Teuto (Brazil),ICT,,Anápolis,-16.407188415527344,-48.92091751098633,openalex,https://openalex.org/I4210147905
LaserTools Tecnologia (Brazil),ICT,,São Paulo,-23.564125061035156,-46.75093078613281,openalex,https://openalex.org/I4210161523
Latin American Cooperative Oncology Group (LACOG),ICT,RS,Porto Alegre,-30.03283,-51.23019,openalex,https://openalex.org/I4405253759
Latin American Sepsis Institute,ICT,,São Paulo,-23.5980281829834,-46.64630126953125,openalex,https://openalex.org/I4210131749
Legale Educacional,Universidade,SP,São Paulo,-23.5475,-46.63611,openalex,https://openalex.org/I4405257414
Leitão Guerra - Oftalmologia,Universidade,BA,Salvador,-12.97563,-38.49096,openalex,https://openalex.org/I4405255212
Lepidus (Brazil),ICT,SC,Florianópolis,-27.59667,-48.54917,openalex,https://openalex.org/I4405263510
Lexikon Editora Digital (Brazil),ICT,,Rio de Janeiro,-22.902664184570312,-43.1748046875,openalex,https://openalex.org/I4210089282
Libbs (Brazil),ICT,,São Paulo,-23.62504768371582,-46.81904220581055,openalex,https://openalex.org/I4210154588
Líbera Tecnologia e Inovação (Brazil),ICT,,São Paulo,-23.508760452270508,-46.87544250488281,openalex,https://openalex.org/I4210152999
Lifecenter Hospital,ICT,,Belo Horizonte,-19.93400764465332,-43.924739837646484,openalex,https://openalex.org/I4210156374
Lifemed (Brazil),ICT,,São Paulo,-23.643239974975586,-46.66526412963867,openalex,https://openalex.org/I4210088295
Light Tech (Brazil),ICT,,São Paulo,-23.582712173461914,-46.647621154785156,openalex,https://openalex.org/I4210087397
Limpgas Tecnologia (Brazil),ICT,,Campinas,-22.845596313476562,-47.05115509033203,openalex,https://openalex.org/I4210157078
Linax (Brazil),ICT,,Votuporanga,-20.414600372314453,-49.980560302734375,openalex,https://openalex.org/I4210086263
Linguaterra School of English (Portugal),ICT,ES,Fundão,-19.93408,-40.40473,openalex,https://openalex.org/I4405255030
LinkGen (Brazil),ICT,,Paraíso,-23.57276153564453,-46.643924713134766,openalex,https://openalex.org/I4210102165
lnstitute for lnternational Trade Negotiations,ICT,,São Paulo,-23.548782348632812,-46.654396057128906,openalex,https://openalex.org/I4210164610
Logtrac (Brazil),ICT,,São Carlos,-22.00786590576172,-47.88894271850586,openalex,https://openalex.org/I4210166980
LojaFácil (Brazil),ICT,,São Paulo,-23.595012664794922,-46.66457748413086,openalex,https://openalex.org/I4210104274
Lucinski (Brazil),ICT,,São Paulo,-23.602130889892578,-47.02332305908203,openalex,https://openalex.org/I4210143918
Lucotec (Brazil),ICT,,Jundiaí,-23.193546295166016,-46.90650939941406,openalex,https://openalex.org/I4210146433
Luxtec (Brazil),ICT,,Campinas,-22.933183670043945,-47.068572998046875,openalex,https://openalex.org/I4210162524
Lychnoflora (Brazil),ICT,,Ribeirão Preto,-21.16566276550293,-47.85266876220703,openalex,https://openalex.org/I4210114225
Macrolog (Brazil),ICT,,São Paulo,-23.56317901611328,-46.68095016479492,openalex,https://openalex.org/I4210131319
Madeplas (Brazil),ICT,,Catanduva,-21.130422592163086,-48.96615219116211,openalex,https://openalex.org/I4210109269
Magnamed (Brazil),ICT,,São Paulo,-23.573524475097656,-46.64344024658203,openalex,https://openalex.org/I4210156157
Mahle (Brazil),ICT,,Mogi Guaçu,-22.316904067993164,-46.957611083984375,openalex,https://openalex.org/I4210127360
Malungu,ICT,,Belém,-1.430840015411377,-48.47464370727539,openalex,https://openalex.org/I4210094632
Maria Cecilia Souto Vidigal Foundation,ICT,SP,São Paulo,-23.5475,-46.63611,openalex,https://openalex.org/I4405271813
Mater Dei Hospital,ICT,,Belo Horizonte,-19.92780876159668,-43.94978332519531,openalex,https://openalex.org/I4210163733
Mecila,ICT,,São Paulo,-23.58725929260254,-46.647560119628906,openalex,https://openalex.org/I4210139408
Medcin Dermatologia,ICT,,Osasco,-23.543188095092773,-46.76982498168945,openalex,https://openalex.org/I4210090817
Medecell (Brazil),ICT,,Botucatu,-22.889785766601562,-48.442466735839844,openalex,https://openalex.org/I4210121378
Meier & Giacaglia Medidores (Brazil),ICT,,São Carlos,-22.00316047668457,-47.8737907409668,openalex,https://openalex.org/I4210121329
MEMS (Brazil),ICT,,Campinas,-22.88334846496582,-46.96556091308594,openalex,https://openalex.org/I4210134773
Mendelics,ICT,,São Paulo,-23.57288932800293,-46.645137786865234,openalex,https://openalex.org/I4210138443
Mentor Interactive (Brazil),ICT,,São José dos Campos,-23.205608367919922,-45.89411163330078,openalex,https://openalex.org/I4210141926
Meritor (Brazil),ICT,,Osasco,-23.529003143310547,-46.78271484375,openalex,https://openalex.org/I4210094731
Mestre Dos Mares (Brazil),ICT,,São Roque,-23.55238151550293,-47.03911209106445,openalex,https://openalex.org/I4210112833
Metal Plasma (Brazil),ICT,,São José dos Campos,-23.20763397216797,-45.88668441772461,openalex,https://openalex.org/I4210138403
Metalex (Brazil),ICT,,São Paulo,-23.435808181762695,-47.06144714355469,openalex,https://openalex.org/I4210107513
Metalgráfica Rojek (Brazil),ICT,,Cajamar,-23.33391571044922,-46.836612701416016,openalex,https://openalex.org/I4210104116
Metaltech Sorocaba Equipamentos e Serviços (Brazil),ICT,,Sorocaba,-23.51946449279785,-47.46499252319336,openalex,https://openalex.org/I4210103647
Methodist University of Piracicaba,Universidade,,Piracicaba,-22.72528076171875,-47.649169921875,openalex,https://openalex.org/I4210095520
Metrolab Calibrações (Brazil),ICT,,São José dos Campos,-23.26861572265625,-45.9150505065918,openalex,https://openalex.org/I4210138084
Mextra (Brazil),ICT,,Taubaté,-22.993486404418945,-45.51128005981445,openalex,https://openalex.org/I4210118026
Mhnano (Brazil),ICT,,Nova Odessa,-22.78310775756836,-47.29865264892578,openalex,https://openalex.org/I4210089645
Microdesign Informatica Tecnologia Industria e Comerico (Brazil),ICT,,Campinas,-22.89915657043457,-47.08041763305664,openalex,https://openalex.org/I4210102778
Microsoft (Brazil),ICT,,São Paulo,-23.610519409179688,-46.696807861328125,openalex,https://openalex.org/I4210086099
Military Institute of Engineering,Universidade,RJ,Rio de Janeiro,-22.90642,-43.18223,openalex,https://openalex.org/I41870
Millennium Institute,ICT,,Rio de Janeiro,-22.91046905517578,-43.17631912231445,openalex,https://openalex.org/I198596950
Minas Jr,ICT,,Belo Horizonte,-19.854442596435547,-43.9580192565918,openalex,https://openalex.org/I4210103767
Ministério da Saúde,ICT,DF,Brasília,-15.77972,-47.92972,openalex,https://openalex.org/I4210121739
"Ministério do Desenvolvimento, Indústria e Comércio Exterior",ICT,,Brasília,-15.79394245147705,-47.87505340576172,openalex,https://openalex.org/I2802647933
Ministério do Esporte,ICT,DF,Brasília,-15.77972,-47.92972,openalex,https://openalex.org/I4405273524
Ministério Público do Estado do Acre,ICT,AC,Rio Branco,-9.97472,-67.81,openalex,https://openalex.org/I4405272306
"Ministry of Agriculture, Livestock, and Food Supply",ICT,,Rio de Janeiro,-22.893638610839844,-43.179542541503906,openalex,https://openalex.org/I901767563
Ministry of Communications,ICT,,Brasília,-15.79670238494873,-47.8671875,openalex,https://openalex.org/I1332139074
Ministry of Culture,ICT,,Brasília,-15.705805778503418,-47.92396545410156,openalex,https://openalex.org/I4210144725
Ministry of Defence,ICT,DF,Brasília,-15.77972,-47.92972,openalex,https://openalex.org/I4210110181
Ministry of Education,ICT,,Brasília,-15.779720306396484,-47.92972183227539,openalex,https://openalex.org/I1293487690
Ministry of Foreign Affairs,ICT,,Brasília,-15.80064868927002,-47.867244720458984,openalex,https://openalex.org/I4210155663
Ministry of Justice and Public Security,ICT,,Brasília,-15.797125816345215,-47.865909576416016,openalex,https://openalex.org/I4210115982
Ministry of Labor and Employment,ICT,,Brasília,-15.801545143127441,-47.86992645263672,openalex,https://openalex.org/I4210142732
"Ministry of Planning, Budget and Management",ICT,,Brasília,-15.755705833435059,-47.90701675415039,openalex,https://openalex.org/I4210091872
"Ministry of Science, Technology and Innovation",ICT,DF,Brasília,-15.77972,-47.92972,openalex,https://openalex.org/I4210151455
Ministry of the Environment,ICT,,Brasília,-15.779720306396484,-47.92972183227539,openalex,https://openalex.org/I4210097317
Misque (Brazil),ICT,,São Bernardo do Campo,-23.658903121948242,-46.608829498291016,openalex,https://openalex.org/I4210146589
MMOptics (Brazil),ICT,,São Carlos,-22.02071189880371,-47.895992279052734,openalex,https://openalex.org/I4210103917
Monsanto (Brazil),ICT,,São Paulo,-23.60771369934082,-46.697566986083984,openalex,https://openalex.org/I4210086672
Mosteiro de São Bento,ICT,,São Paulo,-23.543888092041016,-46.633888244628906,openalex,https://openalex.org/I4210134751
Movimento Interestadual das Quebradeiras de Coco Babaçu,ICT,,São Luís,-2.5302579402923584,-44.2497444152832,openalex,https://openalex.org/I4210138484
MRA Indústria de Equipamentos Eletrônicos (Brazil),ICT,,Ribeirão Preto,-21.162723541259766,-47.84169387817383,openalex,https://openalex.org/I4210100031
MRE Soluções (Brazil),ICT,,São Paulo,-22.82895851135254,-47.080116271972656,openalex,https://openalex.org/I4210134066
Multi Vegetal Fitocosméticos (Brazil),ICT,,Campinas,-22.82440185546875,-47.09907531738281,openalex,https://openalex.org/I4210135262
Multicorpos Engenharia (Brazil),ICT,,São Paulo,-23.557186126708984,-46.65948486328125,openalex,https://openalex.org/I4210122655
Muncipal de Bom Jesus do Itabapoana,ICT,,Bom Jesus do Itabapoana,-21.136756896972656,-41.67601013183594,openalex,https://openalex.org/I4210127486
Museu Afro Brasil,ICT,,São Paulo,-23.582622528076172,-46.659324645996094,openalex,https://openalex.org/I4210157760
Museu Arqueológico do Rio Grande do Sul,ICT,RS,Taquara,-29.65056,-50.78056,openalex,https://openalex.org/I4405263549
Museu da Amazonia,ICT,AM,Manaus,-3.10194,-60.025,openalex,https://openalex.org/I4210135986
Museu de Astronomia e Ciências Afins,ICT,,Rio de Janeiro,-22.895830154418945,-43.222896575927734,openalex,https://openalex.org/I4210151068
Museu de Ciências Naturais da Fundação Zoobotânica do Rio Grande do Sul,Instituto de Pesquisa,,Porto Alegre,-30.03282928466797,-51.23019027709961,openalex,https://openalex.org/I4210138232
Museu do Samba,ICT,,Rio de Janeiro,-22.901647567749023,-43.24089050292969,openalex,https://openalex.org/I4210092797
Museu Paraense Emílio Goeldi,ICT,PA,Belém,-1.45583,-48.50444,openalex,https://openalex.org/I1321642675
Mvisia (Brazil),ICT,,São Paulo,-23.56634521484375,-46.738067626953125,openalex,https://openalex.org/I4210128677
Mwa Automação (Brazil),ICT,,Mogi das Cruzes,-23.50379753112793,-46.19415283203125,openalex,https://openalex.org/I4210155722
Nanobionics (Brazil),ICT,,São Paulo,-23.557594299316406,-46.64204406738281,openalex,https://openalex.org/I4210153710
Nanocore (Brazil),ICT,,Campinas,-22.851221084594727,-47.14899826049805,openalex,https://openalex.org/I4210088185
Nanofitotec (Brazil),ICT,,São Paulo,-23.56692123413086,-46.73837661743164,openalex,https://openalex.org/I4210140441
Nanomed (Brazil),ICT,,São Carlos,-22.007661819458008,-47.885154724121094,openalex,https://openalex.org/I4210104133
Nanophoton (Brazil),ICT,,Ribeirão Preto,-21.186939239501953,-47.80436325073242,openalex,https://openalex.org/I4210161928
Nanox (Brazil),ICT,,São Carlos,-22.0178165435791,-47.88646697998047,openalex,https://openalex.org/I4210109790
Narcissus Pesquisa Clínica e Biotecnologia (Brazil),ICT,,Ribeirão Preto,-21.144996643066406,-47.85744857788086,openalex,https://openalex.org/I4210099305
"National Agency of Petroleum, Natural Gas and Biofuels",ICT,,Rio de Janeiro,-22.900699615478516,-43.18128967285156,openalex,https://openalex.org/I1334227453
National Education and Research Network,ICT,RJ,Rio de Janeiro,-22.90642,-43.18223,openalex,https://openalex.org/I4210152222
National Institute of Aquatic Toxicology,ICT,,Rio Grande,-32.03324508666992,-52.097076416015625,openalex,https://openalex.org/I4210086353
National Institute of Photonic Science and Technology for Optical Communication,ICT,,Campinas,-22.817100524902344,-47.06809997558594,openalex,https://openalex.org/I4210089847
National Institute of Science and Mathematics Technology,ICT,,Rio de Janeiro,-22.96587371826172,-43.23761749267578,openalex,https://openalex.org/I4210115607
National Institute of Science and Technology Complex Fluids,ICT,,São Paulo,-23.547500610351562,-46.6361083984375,openalex,https://openalex.org/I4210143638
National Institute of Science and Technology for Software Engineering,ICT,,Cachoeirinha,-6.114408016204834,-47.7658805847168,openalex,https://openalex.org/I4210090816
National Institute of Science and Technology for Structural Biology and Bioimaging,ICT,,Rio de Janeiro,-22.9541072845459,-43.175376892089844,openalex,https://openalex.org/I4210140941
National Institute of Science and Technology in Regenerative Medicine,ICT,,Rio de Janeiro,-22.90641975402832,-43.18223190307617,openalex,https://openalex.org/I4210153189
National Institute of Science and Technology in Theranostics and Nanobiotechnology,ICT,MG,Uberlândia,-18.91861,-48.27722,openalex,https://openalex.org/I4405272227
National Institute of Science and Technology of Drugs and Medicines,ICT,,Rio de Janeiro,-22.842430114746094,-43.2345085144043,openalex,https://openalex.org/I4210153839
National Institute of Telecommunications,ICT,,Santa Rita do Sapucaí,-22.252220153808594,-45.703330993652344,openalex,https://openalex.org/I71346753
National Institute on Population Medical Genetics,ICT,,Porto Alegre,-30.039844512939453,-51.208152770996094,openalex,https://openalex.org/I4210126393
National Library of Brazil,ICT,,Rio de Janeiro,-22.90964126586914,-43.17549514770508,openalex,https://openalex.org/I4210104717
National Nuclear Energy Commission,ICT,RJ,Rio de Janeiro,-22.90642,-43.18223,openalex,https://openalex.org/I76248293
National Observatory,ICT,,Rio de Janeiro,-22.89504623413086,-43.225685119628906,openalex,https://openalex.org/I4210125312
National Water Agency,ICT,,Brasília de Minas,-15.802131652832031,-47.95433807373047,openalex,https://openalex.org/I4210160051
Natura (Brazil),ICT,,Cajamar,-23.394758224487305,-46.833335876464844,openalex,https://openalex.org/I4210130207
Natural Products & Technologies (Brazil),ICT,,Capivari,-23.032445907592773,-47.54212188720703,openalex,https://openalex.org/I4210130851
Navita (Brazil),ICT,,São Paulo,-23.59389877319336,-46.6860237121582,openalex,https://openalex.org/I4210160336
Neotropical Primates Research Group,ICT,SP,São Paulo,-23.5475,-46.63611,openalex,https://openalex.org/I4405256655
Nestlé (Brazil),ICT,,São Paulo,-23.547500610351562,-46.6361083984375,openalex,https://openalex.org/I4210134308
Netvmi (Brazil),ICT,,Indaiatuba,-23.08778190612793,-47.219032287597656,openalex,https://openalex.org/I4210117346
Neuron Eletrônica (Brazil),ICT,,São José dos Campos,-23.196332931518555,-45.89394760131836,openalex,https://openalex.org/I4210136581
Nexus (Brazil),ICT,,São José dos Campos,-23.151458740234375,-45.79353332519531,openalex,https://openalex.org/I4210129967
Novo Mel (Brazil),ICT,,São Paulo,-23.58300018310547,-46.71718215942383,openalex,https://openalex.org/I4210122604
Nuclear Engineering Institute,ICT,,Rio de Janeiro,-22.864328384399414,-43.2855110168457,openalex,https://openalex.org/I4210142725
"Núcleo de Estudos, Pesquisa e Assessoria à Saúde",ICT,SP,Santo André,-23.71057,-46.5046,openalex,https://openalex.org/I4405269097
Núcleo de Pesquisas Aplicadas (Brazil),ICT,,Jaboticabal,-21.24172592163086,-48.32442092895508,openalex,https://openalex.org/I4210147847
Núcleo Interdisciplinar da Ciência do Sono,ICT,,São Paulo,-23.55744171142578,-46.666507720947266,openalex,https://openalex.org/I4210155406
Núcleo Paradigma,ICT,,São Paulo,-23.541339874267578,-46.673362731933594,openalex,https://openalex.org/I4210156539
NutriVita Suplementos (Brazil),ICT,,Porto Alegre,-30.024805068969727,-51.18983459472656,openalex,https://openalex.org/I4210160148
Observatório de Favelas,ICT,,Rio de Janeiro,-22.855802536010742,-43.24702072143555,openalex,https://openalex.org/I4210146483
Observatório Findes,ICT,ES,Vitória,-20.31944,-40.33778,openalex,https://openalex.org/I4405272196
Odysci (Brazil),ICT,,Campinas,-22.90834617614746,-47.06597900390625,openalex,https://openalex.org/I4210109556
Oftalmax – Hospital de Olhos,ICT,PE,Recife,-8.05389,-34.88111,openalex,https://openalex.org/I4405267549
OmniTek (Brazil),ICT,,São Paulo,-23.51358985900879,-46.71931457519531,openalex,https://openalex.org/I4210113981
Onion Tecnologia (Brazil),ICT,,São Carlos,-22.007564544677734,-47.8818359375,openalex,https://openalex.org/I4210125889
Ophthalmos (Brazil),ICT,,São Paulo,-23.349769592285156,-46.64637756347656,openalex,https://openalex.org/I4210121224
Opto Eletrônica (Brazil),ICT,,São Carlos,-22.000879287719727,-47.917198181152344,openalex,https://openalex.org/I4210129862
OptoLink (Brazil),ICT,,São Paulo,-22.926286697387695,-47.067596435546875,openalex,https://openalex.org/I4210151354
Optron Micromecânica Óptica (Brazil),ICT,,São Paulo,-22.817611694335938,-47.097625732421875,openalex,https://openalex.org/I4210126572
Optsensys (Brazil),ICT,,São Paulo,-23.554447174072266,-46.62417984008789,openalex,https://openalex.org/I4210130138
Opty,ICT,,São Paulo,-23.583463668823242,-46.671119689941406,openalex,https://openalex.org/I4210115314
Opusphere (Brazil),ICT,,São Paulo,-22.828279495239258,-47.08042907714844,openalex,https://openalex.org/I4210086413
Oralls (Brazil),ICT,,São José dos Campos,-23.219106674194336,-45.89186477661133,openalex,https://openalex.org/I4210087258
Orbisat (Brazil),ICT,,São José dos Campos,-23.205991744995117,-45.90001678466797,openalex,https://openalex.org/I4210150353
Organia (Brazil),ICT,,São Paulo,-23.539968490600586,-46.63654327392578,openalex,https://openalex.org/I4210158421
Organização para a Pesquisa e a Conservação de Esqualos no Brasil,ICT,RS,Torres,-29.33528,-49.72694,openalex,https://openalex.org/I4405267973
Ourofino Saúde Animal (Brazil),ICT,,Ribeirão Preto,-21.28651237487793,-47.74750900268555,openalex,https://openalex.org/I4210144790
Overplay (Brazil),ICT,,Campinas,-22.895450592041016,-47.066429138183594,openalex,https://openalex.org/I4210162055
Owens Corning (Brazil),ICT,,São Paulo,-23.624738693237305,-46.707332611083984,openalex,https://openalex.org/I4210154342
Pan American Health Organization (Brasil),ICT,,Brasília,-15.779720306396484,-47.92972183227539,openalex,https://openalex.org/I4210118810
Partecurae Analysis (Brazil),ICT,,São Paulo,-23.55255889892578,-46.64752960205078,openalex,https://openalex.org/I4210098401
Pedra Agroindustrial (Brazil),ICT,,Serrana,-21.05040168762207,-47.58906173706055,openalex,https://openalex.org/I4210153319
Perícia Oficial e Identificação Técnica,ICT,MT,Cuiabá,-15.59611,-56.09667,openalex,https://openalex.org/I4405273303
Petrobras (Brazil),ICT,RJ,Rio de Janeiro,-22.90642,-43.18223,openalex,https://openalex.org/I32393484
Pia Sociedade de São Paulo,ICT,,Campinas,-23.55038070678711,-46.64691162109375,openalex,https://openalex.org/I4210093032
Piacentini (Brazil),ICT,,Piracicaba,-22.740680694580078,-47.64757537841797,openalex,https://openalex.org/I4210164562
Piaram (Brazil),ICT,,Guaramirim,-26.47406768798828,-49.00052261352539,openalex,https://openalex.org/I4210115974
Plantech (Brazil),ICT,,Atibaia,-23.112964630126953,-46.59614181518555,openalex,https://openalex.org/I4210151639
Plasma liits (Brazil),ICT,,São Paulo,-23.5424861907959,-46.62555694580078,openalex,https://openalex.org/I4210139866
Playax Internet (Brazil),ICT,,São Paulo,-23.55255889892578,-46.64752960205078,openalex,https://openalex.org/I4210118018
PluriCell (Brazil),ICT,,São Paulo,-23.474485397338867,-46.637916564941406,openalex,https://openalex.org/I4210157696
PMEC Sistemas (Brazil),ICT,,Araraquara,-21.775619506835938,-48.178646087646484,openalex,https://openalex.org/I4210144098
Poder Judiciário do Estado de Rondônia Tribunal de Justiça,ICT,RO,Porto Velho,-8.76194,-63.90389,openalex,https://openalex.org/I4405253821
Polaris (Brazil),ICT,,São José dos Campos,-23.187551498413086,-45.882938385009766,openalex,https://openalex.org/I4210099400
Polícia Civil do Distrito Federal,ICT,DF,Brasília,-15.77972,-47.92972,openalex,https://openalex.org/I4405261672
Polícia Militar do Distrito Federal,ICT,DF,Brasília,-15.77972,-47.92972,openalex,https://openalex.org/I4405261434
Polícia Militar do Paraná,ICT,PR,Curitiba,-25.42778,-49.27306,openalex,https://openalex.org/I4405263626
Polícia Rodoviária Federal,ICT,DF,Brasília,-15.77972,-47.92972,openalex,https://openalex.org/I4405263201
Polikem (Brazil),ICT,,São Carlos,-22.063819885253906,-47.884700775146484,openalex,https://openalex.org/I4210093063
Polydoro Ernani de São Thiago University Hospital,Universidade,,Florianópolis,-27.596670150756836,-48.549171447753906,openalex,https://openalex.org/I4210126369
Pontifícia Universidade Católica de Campinas,Universidade,,Campinas,-22.905559539794922,-47.060829162597656,openalex,https://openalex.org/I79767729
Pontifícia Universidade Católica de Goiás,Universidade,GO,Goiânia,-16.67861,-49.25389,openalex,https://openalex.org/I43727914
Pontifícia Universidade Católica de Minas Gerais,Universidade,MG,Belo Horizonte,-19.92083,-43.93778,openalex,https://openalex.org/I170935008
Pontifícia Universidade Católica de São Paulo,Universidade,SP,São Paulo,-23.5475,-46.63611,openalex,https://openalex.org/I98466806
Pontifícia Universidade Católica do Paraná,Universidade,PR,Curitiba,-25.42778,-49.27306,openalex,https://openalex.org/I176838256
Pontifícia Universidade Católica do Rio de Janeiro,Universidade,RJ,Rio de Janeiro,-22.90642,-43.18223,openalex,https://openalex.org/I2699952
Pontifícia Universidade Católica do Rio Grande do Sul,Universidade,RS,Porto Alegre,-30.03283,-51.23019,openalex,https://openalex.org/I45643870
Porto Digital (Brazil),ICT,,Recife,-8.063162803649902,-34.8740119934082,openalex,https://openalex.org/I4210130826
Precifica Preço Inteligente (Brazil),ICT,,São Paulo,-23.594276428222656,-46.68482208251953,openalex,https://openalex.org/I4210136491
Prefeitura da Cidade do Rio de Janeiro,ICT,,Rio de Janeiro,-22.918031692504883,-43.21773147583008,openalex,https://openalex.org/I4210097359
Prefeitura do Município de São Paulo,ICT,,São Paulo,-23.5462646484375,-46.665382385253906,openalex,https://openalex.org/I4210100864
Prefeitura Municipal de Alto Alegre,ICT,,São Paulo,-21.582111358642578,-50.16527557373047,openalex,https://openalex.org/I4210092060
Prefeitura Municipal de Anapolis,ICT,,Anápolis,-16.330324172973633,-48.95107650756836,openalex,https://openalex.org/I4210124642
Prefeitura Municipal de Barra Mansa,ICT,,Rio de Janeiro,-22.54888343811035,-44.16415786743164,openalex,https://openalex.org/I4210089173
Prefeitura Municipal de Belo Horizonte,ICT,,Belo Horizonte,-19.92251968383789,-43.92319869995117,openalex,https://openalex.org/I4210163880
Prefeitura Municipal de Campos dos Goytacazes,ICT,,Rio de Janeiro,-21.763269424438477,-41.33584976196289,openalex,https://openalex.org/I4210132927
Prefeitura Municipal de Curitiba,ICT,,Curitiba,-25.41690444946289,-49.268795013427734,openalex,https://openalex.org/I4210147744
Prefeitura Municipal de Esteio,ICT,,Rio Grande,-29.853050231933594,-51.1789436340332,openalex,https://openalex.org/I4210116447
Prefeitura Municipal de Igarapé,ICT,,Igarapé,-20.075944900512695,-44.303890228271484,openalex,https://openalex.org/I4210092843
Prefeitura Municipal de Porto Alegre,ICT,RS,Porto Alegre,-30.03283,-51.23019,openalex,https://openalex.org/I4405273639
Prefeitura Municipal de Rio das Ostras,ICT,,Rio das Ostras,-22.497404098510742,-41.92198944091797,openalex,https://openalex.org/I4210149105
Prefeitura Municipal de Sapiranga,ICT,,Sapiranga,-29.638450622558594,-51.004085540771484,openalex,https://openalex.org/I4210161551
Prefeitura Municipal de Tauá,ICT,,Fortaleza,-6.001499176025391,-40.29482650756836,openalex,https://openalex.org/I4210163441
Prefeitura Municipal de Uberaba,ICT,MG,Uberaba,-19.74833,-47.93194,openalex,https://openalex.org/I4405277483
Prefeitura Municipal de Vitória,ICT,,Vitória,-20.31760025024414,-40.309993743896484,openalex,https://openalex.org/I4210158596
Prefeitura Municipal do Natal,ICT,,Natal,-5.784427165985107,-35.20758056640625,openalex,https://openalex.org/I4210127287
Pro Criança Cardíaca,ICT,,Rio de Janeiro,-22.950735092163086,-43.18950271606445,openalex,https://openalex.org/I4210097669
Processos - Soluções de Engenharia (Brazil),ICT,,Campinas,-22.88206672668457,-47.05111312866211,openalex,https://openalex.org/I4210112256
Procomum Institute,ICT,,São Paulo,-23.940523147583008,-46.322261810302734,openalex,https://openalex.org/I4210156487
Procuradoria-Geral da Fazenda Nacional,ICT,,Brazil,-10,-55,openalex,https://openalex.org/I4405256737
Proeletronic (Brazil),ICT,,Jacareí,-23.27527618408203,-45.93338394165039,openalex,https://openalex.org/I4210115635
Prombiom Tecnologia (Brazil),ICT,,Campinas,-22.90834617614746,-47.067352294921875,openalex,https://openalex.org/I4210090058
Promip (Brazil),ICT,,Campinas,-22.489988327026367,-47.214298248291016,openalex,https://openalex.org/I4210146215
Promundo,ICT,,Rio de Janeiro,-15.787809371948242,-47.88329315185547,openalex,https://openalex.org/I4210156520
Proteca (Brazil),ICT,,Cuiabá,-15.584053039550781,-56.07880401611328,openalex,https://openalex.org/I4210143824
Proteimax (Brazil),ICT,,Cotia,-23.57598876953125,-46.81192398071289,openalex,https://openalex.org/I4210155587
Proteobrás (Brazil),ICT,,Paulínia,-22.77890396118164,-47.16181182861328,openalex,https://openalex.org/I4210161339
Pullup (Brazil),ICT,,São Paulo,-23.543746948242188,-46.65165328979492,openalex,https://openalex.org/I4210149711
PV Prest Vácuo (Brazil),ICT,,Cotia,-23.601425170898438,-46.91947937011719,openalex,https://openalex.org/I4210156881
Quimlab (Brazil),ICT,,São Paulo,-23.274431228637695,-45.93926239013672,openalex,https://openalex.org/I4210119954
R3 Animal,ICT,,Florianópolis,-27.52748680114746,-48.42933654785156,openalex,https://openalex.org/I4210149661
R4F Tecnologia (Brazil),ICT,,Campinas,-22.814224243164062,-47.034305572509766,openalex,https://openalex.org/I4210096776
Racetronix (Brazil),ICT,,Bauru,-22.32402229309082,-49.061214447021484,openalex,https://openalex.org/I4210108628
RC Construções (Brazil),ICT,,Maceió,-9.649458885192871,-35.70384979248047,openalex,https://openalex.org/I4210130718
Rcasoft Informática (Brazil),ICT,,Campinas,-22.90608787536621,-47.04509353637695,openalex,https://openalex.org/I4210101521
Reade (Brazil),ICT,,Guarulhos,-23.46845054626465,-46.47678756713867,openalex,https://openalex.org/I4210162972
Real Hospital Português,ICT,,Recife,-8.063495635986328,-34.89791488647461,openalex,https://openalex.org/I4210086023
ReaQuim (Brazil),ICT,,São Paulo,-23.550952911376953,-46.63010025024414,openalex,https://openalex.org/I4210127201
Recaltech (Brazil),ICT,,Lorena,-22.733858108520508,-45.120113372802734,openalex,https://openalex.org/I4210124882
Reciclapac (Brazil),ICT,,São Paulo,-23.551300048828125,-46.637916564941406,openalex,https://openalex.org/I4210105459
"Red, Orange and Green Environmental Technologies (Brazil)",ICT,,São Paulo,-23.559812545776367,-46.74282455444336,openalex,https://openalex.org/I4210098916
Rede Eco-Diversa para Conservação da Biodiversidade,ICT,MG,Tombos,-20.88046,-42.06821,openalex,https://openalex.org/I4405258296
REDE-TB (Rede Brasileira de Pesquisa em Tuberculose),ICT,RJ,Rio de Janeiro,-22.90642,-43.18223,openalex,https://openalex.org/I4405266854
Redealumni (Brazil),ICT,,São José dos Campos,-23.220888137817383,-45.890316009521484,openalex,https://openalex.org/I4210146184
Redes da Maré,ICT,,Rio de Janeiro,-22.85396957397461,-43.24172592163086,openalex,https://openalex.org/I4210113345
Refazenda (Brazil),ICT,,Botucatu,-22.884197235107422,-48.4438591003418,openalex,https://openalex.org/I4210138956
Reference Center Foundation for Innovative Technologies,ICT,,Florianópolis,-27.602493286132812,-48.51912307739258,openalex,https://openalex.org/I4210131750
Research Centre for Gas Innovation,ICT,SP,São Paulo,-23.5475,-46.63611,openalex,https://openalex.org/I4405273477
Research Institute for Innovation and Technology,ICT,,São Paulo,-23.551300048828125,-46.64065933227539,openalex,https://openalex.org/I4210089600
Retina Clinic,ICT,,Osasco,-23.534263610839844,-46.77531814575195,openalex,https://openalex.org/I4210148137
Revolugenix (Brazil),ICT,,São Paulo,-23.550670623779297,-46.642032623291016,openalex,https://openalex.org/I4210094255
Rfideas (Brazil),ICT,,São Paulo,-23.57301139831543,-46.65092086791992,openalex,https://openalex.org/I4210098688
Rio Branco Institute,Universidade,,Brasília,-15.779720306396484,-47.92972183227539,openalex,https://openalex.org/I2799926125
RMF Consultoria (Brazil),ICT,,Sete Lagoas,-19.465991973876953,-44.25415802001953,openalex,https://openalex.org/I4210124798
Robert Bosch (Brazil),ICT,,Campinas,-22.875343322753906,-47.12287521362305,openalex,https://openalex.org/I4210112210
Roberto Marinho Foundation,ICT,,Rio de Janeiro,-22.927343368530273,-43.20856475830078,openalex,https://openalex.org/I4210131287
Rotar (Brazil),ICT,,Campinas,-22.913406372070312,-47.06597900390625,openalex,https://openalex.org/I4210131115
Rotogine (Brazil),ICT,,Cotia,-23.67352294921875,-47.04046630859375,openalex,https://openalex.org/I4210117851
Royal Fish (Brazil),ICT,,Itupeva,-23.222389221191406,-47.026798248291016,openalex,https://openalex.org/I4210139964
Ryjor (Brazil),ICT,,Rio de Janeiro,-22.304197311401367,-42.53571701049805,openalex,https://openalex.org/I4210127140
Sabin Medicina Diagnostica (Brazil),ICT,,Brasília,-15.836344718933105,-47.86715316772461,openalex,https://openalex.org/I4210098766
Sadalla Amin Ghanem Eye Hospital,ICT,,Joinville,-26.306222915649414,-48.86335372924805,openalex,https://openalex.org/I4210109122
Safran (Brazil),ICT,,São Paulo,-23.54311752319336,-46.658512115478516,openalex,https://openalex.org/I4210133507
Sakata (Brazil),ICT,,Bragança Paulista,-22.925622940063477,-46.55252456665039,openalex,https://openalex.org/I4210105685
Salgado Institute of Integral Health,ICT,,Londrina,-23.345876693725586,-51.19258117675781,openalex,https://openalex.org/I4210103769
Salt Sea & Limno Technology,ICT,,São Paulo,-23.56093978881836,-46.737022399902344,openalex,https://openalex.org/I4210113050
Salus Group (Brazil),ICT,,Santo Antônio de Posse,-22.603914260864258,-47.000789642333984,openalex,https://openalex.org/I4210104406
Sama (Brazil),ICT,,Goiás,-13.534858703613281,-48.230690002441406,openalex,https://openalex.org/I4210143027
Samsung (Brazil),ICT,SP,São Paulo,-23.5475,-46.63611,openalex,https://openalex.org/I4210161640
Sanofi (Brazil),ICT,,São Paulo,-23.624507904052734,-46.70341873168945,openalex,https://openalex.org/I4210141528
Santa Casa da Misericórdia de Bragança Paulista,ICT,,Bragança Paulista,-22.950891494750977,-46.54338455200195,openalex,https://openalex.org/I4210088997
Santa Casa de Misericórdia de Marília,ICT,,Marília,-22.213890075683594,-49.945831298828125,openalex,https://openalex.org/I4210124741
Santa Casa de Misericórdia de Passos,ICT,MG,Passos,-20.71889,-46.60972,openalex,https://openalex.org/I4210126168
Santa Casa de Misericórdia de São Carlos,ICT,,São Carlos,-22.011341094970703,-47.90123748779297,openalex,https://openalex.org/I4210151282
Santa Casa de Votuporanga,ICT,,Votuporanga,-20.42660140991211,-49.97857666015625,openalex,https://openalex.org/I4210129004
Santa Casa Hospital,ICT,,Porto Alegre,-30.030500411987305,-51.222198486328125,openalex,https://openalex.org/I2800505568
Santa Marcelina Colégio São Paulo,Universidade,,São Paulo,-23.547500610351562,-46.6361083984375,openalex,https://openalex.org/I4210153909
São Camilo Hospital,ICT,,São Paulo,-23.534204483032227,-46.688201904296875,openalex,https://openalex.org/I4210101065
São Germano Oncologia,ICT,,São Paulo,-23.592876434326172,-46.67476272583008,openalex,https://openalex.org/I4210112463
São Paulo Botanical Society,ICT,,São Paulo,-23.63927459716797,-46.627498626708984,openalex,https://openalex.org/I4210133065
São Paulo Museum of Art,ICT,,São Paulo,-23.561458587646484,-46.65605163574219,openalex,https://openalex.org/I4210138766
São Paulo State Technological College,Universidade,SP,São Paulo,-23.5475,-46.63611,openalex,https://openalex.org/I3131263933
Sarah Network of Rehabilitation Hospitals,ICT,,Belém,-1.3820290565490723,-48.47755432128906,openalex,https://openalex.org/I4210121324
Scenario (Brazil),ICT,,São Carlos,-21.994667053222656,-47.89946365356445,openalex,https://openalex.org/I4210136531
Scheme Lab (Brazil),ICT,,São Paulo,-23.527145385742188,-46.69171142578125,openalex,https://openalex.org/I4210128060
Sciences and Education Research Council,ICT,,São Paulo,-23.96336555480957,-46.388702392578125,openalex,https://openalex.org/I4210148870
Scientific Electronic Library Online,ICT,SP,São Paulo,-23.5475,-46.63611,openalex,https://openalex.org/I4210137221
Scitech Produtos Médicos SA (Brazil),ICT,GO,Aparecida de Goiânia,-16.82333,-49.24389,openalex,https://openalex.org/I4405267832
Sdc Engenharia (Brazil),ICT,,São Paulo,-23.668832778930664,-46.68526077270508,openalex,https://openalex.org/I4210128475
Sealed Air (Brazil),ICT,,São Paulo,-23.515090942382812,-46.74012756347656,openalex,https://openalex.org/I4210103572
Secretaria da Casa Civil,ICT,,Olinda,-8.01479721069336,-34.86097717285156,openalex,https://openalex.org/I4210161957
"Secretaria da Ciência, Tecnologia e Educação Superior do Estado do Ceará",ICT,CE,Fortaleza,-3.71722,-38.54306,openalex,https://openalex.org/I4405272693
Secretaria da Educação,ICT,SP,São Paulo,-23.5475,-46.63611,openalex,https://openalex.org/I4210133268
Secretaria da Educação do Estado da Bahia,ICT,,Salvador,-12.944141387939453,-38.43193054199219,openalex,https://openalex.org/I4210126709
Secretaria da Educação do Estado do Ceará,Universidade,CE,Fortaleza,-3.71722,-38.54306,openalex,https://openalex.org/I4405259935
Secretaria da Justiça e da Defesa da Cidadania,ICT,,São Paulo,-23.54193687438965,-46.63689041137695,openalex,https://openalex.org/I4210111969
Secretaria da Saúde,ICT,,São Paulo,-23.55406379699707,-46.66866683959961,openalex,https://openalex.org/I4210136275
Secretaria da Saúde do Estado da Bahia,ICT,BA,Salvador,-12.97563,-38.49096,openalex,https://openalex.org/I4405259490
Secretaria da Segurança Pública,ICT,,Porto Alegre,-30.02086639404297,-51.216773986816406,openalex,https://openalex.org/I4210150679
Secretaria de Agricultura e Abastecimento,ICT,,São Paulo,-23.544954299926758,-46.63796615600586,openalex,https://openalex.org/I4210147616
"Secretaria de Ciência, Tecnologia e Inovação",ICT,,Salvador,-12.949827194213867,-38.43223190307617,openalex,https://openalex.org/I4210088551
"Secretaria de Ciência, Tecnologia e Inovação da Marinha",ICT,,Brasília,-15.796062469482422,-47.88262939453125,openalex,https://openalex.org/I4210101391
"Secretaria de Ciência, Tecnologia e Inovação e do Complexo Econômico-Industrial da Saúde",ICT,DF,Brasília,-15.77972,-47.92972,openalex,https://openalex.org/I4405260484
Secretaria de Desenvolvimento Econômico Ciência Tecnologia e Ensino Superior,ICT,MG,Belo Horizonte,-19.92083,-43.93778,openalex,https://openalex.org/I4210167192
Secretaria de Desenvolvimento Econômico e Turístico,ICT,,Lorena,-22.73810577392578,-45.11589813232422,openalex,https://openalex.org/I4210154296
"Secretaria de Desenvolvimento Econômico, Ciência, Tecnologia e Inovação",ICT,,São Paulo,-23.54768180847168,-46.73543167114258,openalex,https://openalex.org/I4210124305
Secretaria de Educação de Pernambuco,ICT,,Recife,-8.009852409362793,-34.95033645629883,openalex,https://openalex.org/I4210090709
"Secretaria de Estado da Ciência, Tecnologia e Inovação",ICT,,São Marcos,-2.4902970790863037,-44.302085876464844,openalex,https://openalex.org/I4210125456
Secretaria de Estado da Educação de Goiás,ICT,GO,Goiânia,-16.67861,-49.25389,openalex,https://openalex.org/I4405261872
Secretaria de Estado de Ciência Tecnologia e Inovação,ICT,,Brasília,-15.795069694519043,-47.886749267578125,openalex,https://openalex.org/I4210155637
Secretaria de Estado de Cultura e Turismo de Minas Gerais,ICT,MG,Belo Horizonte,-19.92083,-43.93778,openalex,https://openalex.org/I4405253991
Secretaria de Estado de Educação de Minas Gerais,ICT,MG,Belo Horizonte,-19.92083,-43.93778,openalex,https://openalex.org/I4405255437
Secretaria de Estado de Educação do Distrito Federal,ICT,,Brasília,-15.852520942687988,-48.07563781738281,openalex,https://openalex.org/I4210121360
Secretaria de Estado de Educação do Rio de Janeiro,ICT,RJ,Rio de Janeiro,-22.90642,-43.18223,openalex,https://openalex.org/I4405270074
Secretaria de Estado de Saúde de Minas Gerais,ICT,MG,Belo Horizonte,-19.92083,-43.93778,openalex,https://openalex.org/I4405272499
Secretaria de Estado de Saúde do Rio de Janeiro,ICT,RJ,Rio de Janeiro,-22.90642,-43.18223,openalex,https://openalex.org/I4405262729
Secretaria de Estado de Segurança Pública,ICT,,Brasília,-15.780991554260254,-47.90858840942383,openalex,https://openalex.org/I4210128479
Secretaria de Gestão Pública,ICT,,São Paulo,-23.554235458374023,-46.660343170166016,openalex,https://openalex.org/I4210109926
Secretaria de Planejamento e Gestão,ICT,,São Paulo,-23.56441307067871,-46.654327392578125,openalex,https://openalex.org/I4210107709
Secretaria de Saneamento e Recursos Hìdricos,ICT,,São Paulo,-23.554040908813477,-46.660255432128906,openalex,https://openalex.org/I4210128464
Secretaria do Desenvolvimento Sustentável,ICT,PR,Curitiba,-25.42778,-49.27306,openalex,https://openalex.org/I4405265957
Secretaria do Governo Municipal,ICT,,São Paulo,-23.546377182006836,-46.63776779174805,openalex,https://openalex.org/I4210107623
Secretaria do Meio Ambiente,ICT,,São Paulo,-23.56112289428711,-46.70151138305664,openalex,https://openalex.org/I4210133215
Secretaria Municipal da Saúde de São Paulo,ICT,SP,São Paulo,-23.5475,-46.63611,openalex,https://openalex.org/I4405273122
Secretaria Municipal de Cultura,ICT,,São Paulo,-23.54220199584961,-46.63898468017578,openalex,https://openalex.org/I4210156785
Secretaria Municipal de Desenvolvimento Econômico e Negócios de Turismo,ICT,,São José do Rio Preto,-20.81254005432129,-49.377655029296875,openalex,https://openalex.org/I4210125272
Secretaria Municipal de Educação de Cuiabá,ICT,MT,Cuiabá,-15.59611,-56.09667,openalex,https://openalex.org/I4405267710
Secretaria Municipal de Educação de São Paulo,ICT,,São Paulo,-23.5963191986084,-46.648712158203125,openalex,https://openalex.org/I4210095644
Secretaria Municipal de Saúde,ICT,,Belo Horizonte,-19.932628631591797,-43.93095016479492,openalex,https://openalex.org/I4210161650
Secretaria Municipal de Saúde de Nova Mutum MT,ICT,MT,Nova Mutum,-13.58906,-56.15193,openalex,https://openalex.org/I4405265918
Secretaria Municipal do Desenvolvimento Econômico e Turismo,ICT,,Marília,-22.22519302368164,-49.95061111450195,openalex,https://openalex.org/I4210104327
Secretaria Municipal do Verde e do Meio Ambiente,ICT,,São Paulo,-23.551008224487305,-46.64724349975586,openalex,https://openalex.org/I4210158092
Selaz (Brazil),ICT,,São José dos Campos,-23.206117630004883,-45.95294189453125,openalex,https://openalex.org/I4210167122
Selsan Tecnologia Industrial e Comercial (Brazil),ICT,,Sorocaba,-23.61922836303711,-46.636417388916016,openalex,https://openalex.org/I4210117037
Senac University Center,Universidade,SP,São Paulo,-23.5475,-46.63611,openalex,https://openalex.org/I4210140661
SENAI Innovation Institute for Embedded Systems,ICT,SC,Florianópolis,-27.59667,-48.54917,openalex,https://openalex.org/I4405262159
SENAI São Paulo,Universidade,SP,São Paulo,-23.5475,-46.63611,openalex,https://openalex.org/I4405263257
Sencer (Brazil),ICT,,São Carlos,-21.99231719970703,-47.88301467895508,openalex,https://openalex.org/I4210126153
Sensoft Automação (Brazil),ICT,,São Carlos,-22.03035545349121,-47.87173080444336,openalex,https://openalex.org/I4210115200
Sergipe Technological Park,ICT,SE,São Cristóvão,-11.01472,-37.20639,openalex,https://openalex.org/I4405258698
Serviço Autônomo de Água e Esgoto de Jaboticabal,ICT,,Jaboticabal,-21.261232376098633,-48.32847595214844,openalex,https://openalex.org/I4210088780
Serviço Geológico do Brasil - CPRM,ICT,,Rio de Janeiro,-22.90641975402832,-43.18223190307617,openalex,https://openalex.org/I4210159454
Serviço Nacional de Aprendizagem Comercial,Universidade,SP,São Paulo,-23.5475,-46.63611,openalex,https://openalex.org/I4210165725
Serviço Nacional de Aprendizagem Industrial,ICT,DF,Brasília,-15.77972,-47.92972,openalex,https://openalex.org/I1329807341
Serviço Social da Indústria de Santa Catarina,ICT,,Florianópolis,-27.510465621948242,-48.46868896484375,openalex,https://openalex.org/I4210121028
SF International (Brazil),ICT,,São Carlos,-21.990768432617188,-47.89542770385742,openalex,https://openalex.org/I4210151051
SHS Engenharia Sustentável,ICT,,São Carlos,-22.012964248657227,-47.8932991027832,openalex,https://openalex.org/I4210166671
Siemens (Brazil),ICT,,São Paulo,-23.49394416809082,-46.767757415771484,openalex,https://openalex.org/I4210087776
Sigmund Freud Associação Psicanalítica,ICT,RS,Porto Alegre,-30.03283,-51.23019,openalex,https://openalex.org/I4405266697
Signalcard (Brazil),ICT,,Campinas,-22.852083206176758,-47.15931701660156,openalex,https://openalex.org/I4210108205
SimWorx (Brazil),ICT,,Campinas,-22.856157302856445,-47.0555305480957,openalex,https://openalex.org/I4210143093
Sindicato dos Trabalhadores Rurais de Caxias do Sul,ICT,,Caxias do Sul,-29.166400909423828,-51.185123443603516,openalex,https://openalex.org/I4210161570
Siporex (Brazil),ICT,,Ribeirão Pires,-23.71108055114746,-46.41856384277344,openalex,https://openalex.org/I4210123991
SMA Tecnologia (Brazil),ICT,,Campinas,-22.906665802001953,-47.096282958984375,openalex,https://openalex.org/I4210155095
SmartBio Tecnologia (Brazil),ICT,,Adamantina,-21.687820434570312,-51.071006774902344,openalex,https://openalex.org/I4210087290
Sobest – Associacao Brasileira de Estomaterapia,ICT,,São Paulo,-23.541797637939453,-46.63754653930664,openalex,https://openalex.org/I4210103671
Sobramfa – Medical Education and Humanism,ICT,,São Paulo,-23.558826446533203,-46.65093231201172,openalex,https://openalex.org/I4210104367
Sociedade Astronômica Brasileira,ICT,,São Paulo,-23.54808807373047,-46.650081634521484,openalex,https://openalex.org/I4210157540
Sociedade Brasileira de Alimentação e Nutrição,ICT,,São Paulo,-23.567142486572266,-46.65691375732422,openalex,https://openalex.org/I4210102831
Sociedade Brasileira de Anatomia,ICT,,São Paulo,-23.547500610351562,-46.6361083984375,openalex,https://openalex.org/I4210104894
Sociedade Brasileira de Anestesiologia,ICT,,Rio de Janeiro,-22.947725296020508,-43.18532180786133,openalex,https://openalex.org/I4210126568
Sociedade Brasileira de Atividade Física e Saúde,ICT,SC,Florianópolis,-27.59667,-48.54917,openalex,https://openalex.org/I4405266094
Sociedade Brasileira de Biofísica,ICT,,Rio de Janeiro,-22.841306686401367,-43.2350959777832,openalex,https://openalex.org/I4210099430
Sociedade Brasileira de Biologia Celular,ICT,,São Paulo,-23.600547790527344,-46.64222717285156,openalex,https://openalex.org/I4210131843
Sociedade Brasileira de Cardiologia,ICT,,São Paulo,-23.524723052978516,-46.65536880493164,openalex,https://openalex.org/I4210153321
Sociedade Brasileira de Catálise,ICT,,São Paulo,-23.547897338867188,-46.63719940185547,openalex,https://openalex.org/I4210128636
Sociedade Brasileira de Ciência e Tecnologia de Alimentos,ICT,,Campinas,-22.88421630859375,-47.0703125,openalex,https://openalex.org/I4210086548
Sociedade Brasileira de Cirurgia Cardiovascular,ICT,,São Paulo,-23.59370231628418,-46.6915283203125,openalex,https://openalex.org/I4210124565
Sociedade Brasileira de Cirurgia de Cabeça e Pescoço,ICT,,São Paulo,-23.552705764770508,-46.63808059692383,openalex,https://openalex.org/I4210090014
Sociedade Brasileira de Cirurgia Plástica,ICT,,São Paulo,-23.59372329711914,-46.690303802490234,openalex,https://openalex.org/I4210127435
Sociedade Brasileira de Cirurgia Torácica,ICT,,São Paulo,-23.559059143066406,-46.66023635864258,openalex,https://openalex.org/I4210096031
Sociedade Brasileira de Dermatologia,ICT,RJ,Rio de Janeiro,-22.90642,-43.18223,openalex,https://openalex.org/I4405271203
Sociedade Brasileira de Diabetes,ICT,,São Paulo,-23.595375061035156,-46.66943359375,openalex,https://openalex.org/I4210091821
Sociedade Brasileira de Econometria,ICT,,Rio de Janeiro,-22.94163703918457,-43.180137634277344,openalex,https://openalex.org/I4210115698
Sociedade Brasileira de Economia Administração e Sociologia Rural,ICT,,Brasília,-15.78409481048584,-47.88832473754883,openalex,https://openalex.org/I4210121855
Sociedade Brasileira de Economia Ecológica,ICT,SP,Campinas,-22.90556,-47.06083,openalex,https://openalex.org/I4405266450
Sociedade Brasileira de Economia Política,ICT,RJ,Niterói,-22.88333,-43.10361,openalex,https://openalex.org/I4405266816
Sociedade Brasileira de Educação Matemática,ICT,,Brasília,-15.792428016662598,-47.8853759765625,openalex,https://openalex.org/I4210138492
Sociedade Brasileira de Endoscopia Digestiva,ICT,,São Paulo,-23.547500610351562,-46.6361083984375,openalex,https://openalex.org/I4210093724
Sociedade Brasileira de Ensino de Biologia,ICT,,São Paulo,-23.57968521118164,-46.7395133972168,openalex,https://openalex.org/I4210126006
Sociedade Brasileira de Estudos de Cinema e Audiovisual,ICT,,São Paulo,-23.60542106628418,-46.65989685058594,openalex,https://openalex.org/I4210130892
Sociedade Brasileira de Estudos Interdisciplinares da Comunicação,ICT,,São Paulo,-23.56171989440918,-46.684452056884766,openalex,https://openalex.org/I4210145990
Sociedade Brasileira de Física,ICT,,São Paulo,-23.543441772460938,-46.595367431640625,openalex,https://openalex.org/I4210139248
Sociedade Brasileira de Fruticultura,ICT,,Rio de Janeiro,-21.275522232055664,-48.32825469970703,openalex,https://openalex.org/I4210135195
Sociedade Brasileira de Genética,ICT,,Ribeirão Preto,-21.206087112426758,-47.81278991699219,openalex,https://openalex.org/I4210116034
Sociedade Brasileira de Geofísica,ICT,,Rio de Janeiro,-22.90686798095703,-43.177391052246094,openalex,https://openalex.org/I4210127547
Sociedade Brasileira de Geologia,ICT,,São Paulo,-23.56167221069336,-46.7248649597168,openalex,https://openalex.org/I2800005477
Sociedade Brasileira de História da Ciência,ICT,,Rio de Janeiro,-22.89589500427246,-43.22279739379883,openalex,https://openalex.org/I4210149803
Sociedade Brasileira de História da Matemática,ICT,,Rio Claro,-22.412494659423828,-47.56741714477539,openalex,https://openalex.org/I4210129060
Sociedade Brasileira de Imunologia,ICT,,São Paulo,-23.567646026611328,-46.729007720947266,openalex,https://openalex.org/I4210155629
Sociedade Brasileira de Informática em Saúde,ICT,SP,São Paulo,-23.5475,-46.63611,openalex,https://openalex.org/I4405266410
Sociedade Brasileira de Medicina Nuclear e Imagem Molecular,ICT,,São Paulo,-23.627132415771484,-46.81866455078125,openalex,https://openalex.org/I4210157855
Sociedade Brasileira de Microbiologia,ICT,,São Paulo,-23.574304580688477,-46.711883544921875,openalex,https://openalex.org/I4210128363
Sociedade Brasileira de Microeletrônica,ICT,,São Paulo,-23.563888549804688,-46.66539001464844,openalex,https://openalex.org/I4210166799
Sociedade Brasileira de Nefrologia,ICT,SP,São Paulo,-23.5475,-46.63611,openalex,https://openalex.org/I4405258887
Sociedade Brasileira de Neurociências e Comportamento,ICT,,São Paulo,-23.547500610351562,-46.6361083984375,openalex,https://openalex.org/I4210086635
Sociedade Brasileira de Oncologia Clínica,ICT,SP,São Paulo,-23.5475,-46.63611,openalex,https://openalex.org/I4210152916
Sociedade Brasileira de Ortopedia e Traumatologia,ICT,,São Paulo,-23.570907592773438,-46.658443450927734,openalex,https://openalex.org/I4210087343
Sociedade Brasileira de Pediatria,ICT,RJ,Rio de Janeiro,-22.90642,-43.18223,openalex,https://openalex.org/I4210091411
Sociedade Brasileira de Pesquisa Odontológica,ICT,,São Paulo,-23.566852569580078,-46.73839569091797,openalex,https://openalex.org/I4210164712
Sociedade Brasileira de Pesquisa Operacional,ICT,,Rio de Janeiro,-22.8997859954834,-43.180992126464844,openalex,https://openalex.org/I4210167285
Sociedade Brasileira de Plantas Medicinais,ICT,SP,São Paulo,-23.5475,-46.63611,openalex,https://openalex.org/I4405266158
Sociedade Brasileira de Pneumologia e Tisiologia,ICT,DF,Brasília,-15.77972,-47.92972,openalex,https://openalex.org/I4405266237
Sociedade Brasileira de Psicanalise de Ribeirao Preto,ICT,SP,Ribeirão Preto,-21.1775,-47.81028,openalex,https://openalex.org/I4405266564
Sociedade Brasileira de Psicologia,ICT,SP,Ribeirão Preto,-21.1775,-47.81028,openalex,https://openalex.org/I4210137514
Sociedade Brasileira de Psicologia Hospitalar (Brazil),ICT,,Belo Horizonte,-19.92719268798828,-43.928985595703125,openalex,https://openalex.org/I4210166915
Sociedade Brasileira de Química,ICT,,São Paulo,-23.561311721801758,-46.73093032836914,openalex,https://openalex.org/I4210140995
Sociedade Brasileira de Recursos Genéticos,ICT,,Brasília,-15.76401424407959,-47.90460205078125,openalex,https://openalex.org/I4210141129
Sociedade Brasileira de Resiliência (Brazil),ICT,SP,São Paulo,-23.5475,-46.63611,openalex,https://openalex.org/I4405258587
Sociedade Brasileira de Retina e Vítreo,ICT,,São Paulo,-23.547500610351562,-46.6361083984375,openalex,https://openalex.org/I4210110422
Sociedade Brasileira de Reumatologia,ICT,SP,São Paulo,-23.5475,-46.63611,openalex,https://openalex.org/I4405270286
Sociedade Brasileira de Terapia Celular e Transplante de Medula Óssea,ICT,RJ,Rio de Janeiro,-22.90642,-43.18223,openalex,https://openalex.org/I4405258562
Sociedade Brasileira de Toxicologia,ICT,,São Paulo,-23.565086364746094,-46.72412109375,openalex,https://openalex.org/I4210105650
Sociedade Brasileira de Vácuo,ICT,,Campinas,-22.817094802856445,-47.069732666015625,openalex,https://openalex.org/I4210117584
Sociedade Brasileira Infectologia,ICT,,São Paulo,-23.547500610351562,-46.6361083984375,openalex,https://openalex.org/I4210135038
Sociedade Brasileira Para o Desenvolvimento da Pesquisa em Cirurgia,ICT,,São Paulo,-23.593130111694336,-46.68213653564453,openalex,https://openalex.org/I4210142688
Sociedade Brasileira para o Estudo da Dor,ICT,SP,São Paulo,-23.5475,-46.63611,openalex,https://openalex.org/I4405266478
Sociedade de Anestesiologia do Estado de São Paulo,ICT,SP,São Paulo,-23.5475,-46.63611,openalex,https://openalex.org/I4405266108
Sociedade de Anestesiologia do Rio Grande do Sul,ICT,,Porto Alegre,-30.055025100708008,-51.188865661621094,openalex,https://openalex.org/I4210127349
Sociedade de Ensino Universitário do Nordeste,Universidade,,Maceió,-9.659500122070312,-35.732505798339844,openalex,https://openalex.org/I4210147902
Sociedade de Nefrologia do Estado de São Paulo,ICT,,São Paulo,-23.595989227294922,-46.64653015136719,openalex,https://openalex.org/I4210147824
Sociedade de Psicanálise Iracy Doyle,ICT,RJ,Rio de Janeiro,-22.90642,-43.18223,openalex,https://openalex.org/I4405266551
Sociedade Latino Americana de Biomateriais e Órgãos Artificiais,ICT,,São Paulo,-23.565147399902344,-46.55002212524414,openalex,https://openalex.org/I4210104633
Sociedade Nordestina de Produção Animal,ICT,RS,Terra de Areia,-29.58528,-50.07083,openalex,https://openalex.org/I4405266522
Sociedade Paraense de Defesa dos Direitos Humanos,ICT,,Belém,-1.4493579864501953,-48.481441497802734,openalex,https://openalex.org/I4210148799
Sollis (Brazil),ICT,,São Paulo,-23.55633544921875,-46.64204025268555,openalex,https://openalex.org/I4210137900
Solstício Energia (Brazil),ICT,,Campinas,-22.811115264892578,-47.07627487182617,openalex,https://openalex.org/I4210107717
Solução Ambiental Assessoria e Consultoria,ICT,,Adamantina,-21.684818267822266,-51.07282257080078,openalex,https://openalex.org/I4210120714
Solvay (Brazil),ICT,,São Paulo,-23.65001678466797,-46.729347229003906,openalex,https://openalex.org/I4210114046
SOS Mata Atlântica Foundation,ICT,,São Paulo,-23.547500610351562,-46.6361083984375,openalex,https://openalex.org/I4210109255
Southwest Bahia State University,Universidade,BA,Vitória da Conquista,-14.86611,-40.83944,openalex,https://openalex.org/I345918524
Sport Club Corinthians Paulista,ICT,,São Paulo,-23.526466369628906,-46.565216064453125,openalex,https://openalex.org/I2802987397
SPPT Pesquisas Tecnológicas (Brazil),ICT,,Mogi Mirim,-22.45271110534668,-46.96759033203125,openalex,https://openalex.org/I4210114951
SST it solutions (Brazil),ICT,,São Paulo,-22.832416534423828,-47.080074310302734,openalex,https://openalex.org/I4210154742
State University of Norte Fluminense,Universidade,,Rio de Janeiro,-22.90641975402832,-43.18223190307617,openalex,https://openalex.org/I3130050927
State University of Vale do Acaraú,Universidade,,Sobral,-3.6245319843292236,-40.35255813598633,openalex,https://openalex.org/I330528248
Stiftung Mandacaru,ICT,,Fortaleza,-3.7937979698181152,-38.47266387939453,openalex,https://openalex.org/I4210166935
Sucesu Nacional,ICT,,Recife,-8.06113338470459,-34.90496063232422,openalex,https://openalex.org/I4210152491
Sugarcane Research Center (Brazil),ICT,,Piracicaba,-22.688291549682617,-47.57841873168945,openalex,https://openalex.org/I181200535
Suma Indústria e Comércio (Brasil),ICT,,Campinas,-22.928966522216797,-47.07215881347656,openalex,https://openalex.org/I4210128858
Supê Soluções (Brazil),ICT,,Campinas,-22.908329010009766,-47.054527282714844,openalex,https://openalex.org/I4210107820
SUPERA Park of Innovation and Technology of Ribeirão Preto,ICT,,Ribeirão Preto,-21.148197174072266,-47.8577880859375,openalex,https://openalex.org/I4210144503
SuperZinco (Brazil),ICT,,Campinas,-22.930700302124023,-47.08771514892578,openalex,https://openalex.org/I4210125834
Support group for adolescents and children with cancer,ICT,,São Paulo,-23.598360061645508,-46.64238739013672,openalex,https://openalex.org/I4210094761
Surface (Brazil),ICT,,Campinas,-22.90166664123535,-47.1711311340332,openalex,https://openalex.org/I4210131175
Suzano (Brazil),ICT,BA,Salvador,-12.97563,-38.49096,openalex,https://openalex.org/I4210110541
SW2 Soluções em TI (Brazil),ICT,,Campinas,-22.90834617614746,-47.06254577636719,openalex,https://openalex.org/I4210139363
Synthon Especialidades Químicas (Brazil),ICT,,Sorocaba,-23.388151168823242,-47.521018981933594,openalex,https://openalex.org/I4210106143
TE Connectivity (Brazil),ICT,,Bragança Paulista,-22.945775985717773,-46.52320861816406,openalex,https://openalex.org/I4210131393
Tec3GEO (Brazil),ICT,,São Paulo,-23.564828872680664,-46.73485565185547,openalex,https://openalex.org/I4210108332
Tecam Laboratórios (Brazil),ICT,,São Paulo,-23.645204544067383,-47.082279205322266,openalex,https://openalex.org/I4210123421
Teccampos (Brazil),ICT,,Campos dos Goytacazes,-21.761537551879883,-41.29145431518555,openalex,https://openalex.org/I4210116383
Tech Chrom (Brazil),ICT,,Campinas,-22.841848373413086,-47.05191421508789,openalex,https://openalex.org/I4210165062
Techfilter (Brazil),ICT,,Indaiatuba,-23.13892936706543,-47.23008346557617,openalex,https://openalex.org/I4210119903
Technes Agrícola (Brazil),ICT,,São Paulo,-23.5429744720459,-46.733585357666016,openalex,https://openalex.org/I4210142344
Tecnident (Brazil),ICT,,São Carlos,-22.010576248168945,-47.870975494384766,openalex,https://openalex.org/I4210108040
Tecnima (Brazil),ICT,,São José dos Campos,-23.237924575805664,-45.891151428222656,openalex,https://openalex.org/I4210161007
TecnoBio (Brazil),ICT,,Curitiba,-25.504316329956055,-49.25648880004883,openalex,https://openalex.org/I4210091514
Tecnocard (Brazil),ICT,,São Vicente,-23.964807510375977,-46.370662689208984,openalex,https://openalex.org/I4210165876
Tecnologia e Ciência Educacional (Brazil),ICT,,Araraquara,-21.7746639251709,-48.17795944213867,openalex,https://openalex.org/I4210103338
Tecnovip (Brazil),ICT,,Valinhos,-22.971256256103516,-46.99916458129883,openalex,https://openalex.org/I4210085978
Tecnozinco Tratamento Superficial (Brazil),ICT,,Indaiatuba,-23.125904083251953,-47.224098205566406,openalex,https://openalex.org/I4210131076
Tecplas Indústria e Comércio (Brazil),ICT,,São José dos Campos,-23.225723266601562,-45.898983001708984,openalex,https://openalex.org/I4210112455
TecSUS Tecnologias para a Sustentabilidade (Brazil),ICT,,São José dos Campos,-23.157289505004883,-45.791324615478516,openalex,https://openalex.org/I4210095269
TelessaúdeRS,ICT,RS,Porto Alegre,-30.03283,-51.23019,openalex,https://openalex.org/I4405263407
Terenzi (Brazil),ICT,,Rio de Janeiro,-22.878856658935547,-43.00642013549805,openalex,https://openalex.org/I4210152532
Terra Azul - Tecnologia de Polímeros Naturais (Brazil),ICT,,Americana,-22.75303077697754,-47.3052864074707,openalex,https://openalex.org/I4210167099
Terra de Direitos,ICT,,Curitiba,-25.431716918945312,-49.27360153198242,openalex,https://openalex.org/I4210142434
Terra Viva Consultoria Ambiental (Brazil),ICT,,São Gotardo,-19.313505172729492,-46.04677200317383,openalex,https://openalex.org/I4210101745
Tetra Pak (Brazil),ICT,,São Paulo,-23.543270111083984,-46.72285461425781,openalex,https://openalex.org/I4210116843
Tetra Tech (Brazil),ICT,,São Paulo,-23.61579704284668,-46.46223449707031,openalex,https://openalex.org/I4210137665
Tezca (Brazil),ICT,,Campinas,-22.845787048339844,-47.051326751708984,openalex,https://openalex.org/I4210148391
Thales (Brazil),ICT,,Santa Cruz do Capibaribe,-7.952421188354492,-36.204959869384766,openalex,https://openalex.org/I4210137089
Thema (Brazil),ICT,,Jandira,-23.525590896606445,-46.902591705322266,openalex,https://openalex.org/I4210116278
Themag (Brazil),ICT,,São Paulo,-23.476226806640625,-46.749267578125,openalex,https://openalex.org/I4210128197
Thomson Reuters (Brazil),ICT,,São Paulo,-22.90424346923828,-47.057350158691406,openalex,https://openalex.org/I4210133662
Thorus Scisoft (Brazil),ICT,,Campinas,-22.905813217163086,-47.06639099121094,openalex,https://openalex.org/I4210153436
ThyssenKrupp (Brazil),ICT,,Campo Limpo Paulista,-23.20553970336914,-46.78379821777344,openalex,https://openalex.org/I4210160347
Ticon (Brazil),ICT,,Diadema,-23.677589416503906,-46.596797943115234,openalex,https://openalex.org/I4210096778
Timpel (Brazil),ICT,,São Paulo,-23.564416885375977,-46.68833541870117,openalex,https://openalex.org/I4210145212
Toledo Prudente Centro Universitário,Universidade,SP,Presidente Prudente,-22.12556,-51.38889,openalex,https://openalex.org/I4210122826
Top in Life Biotecnologia & Genética Animal (Brazil),ICT,,Jaboticabal,-21.25250816345215,-48.325687408447266,openalex,https://openalex.org/I4210151463
TOTVS (Brazil),ICT,,São José dos Campos,-9.546360969543457,-36.73710632324219,openalex,https://openalex.org/I4210134134
Toxikón (Brazil),ICT,,São Paulo,-23.577829360961914,-46.630924224853516,openalex,https://openalex.org/I4210107679
Tramppo (Brazil),ICT,,Cotia,-23.60263442993164,-46.919490814208984,openalex,https://openalex.org/I4210105437
Transdata (Brazil),ICT,,São Paulo,-23.520458221435547,-46.60166549682617,openalex,https://openalex.org/I4210151668
TransFrigor do Brasil (Brazil),ICT,,Campinas,-22.89874267578125,-47.0836296081543,openalex,https://openalex.org/I4210149188
Tribunal de Contas do Estado de Santa Catarina,ICT,SC,Florianópolis,-27.59667,-48.54917,openalex,https://openalex.org/I4405267183
Tribunal de Justiça de Pernambuco,ICT,PE,Recife,-8.05389,-34.88111,openalex,https://openalex.org/I4405258318
Tribunal de Justiça do Estado de Goiás,ICT,GO,Goiânia,-16.64019,-49.25993,openalex,https://openalex.org/I4405255532
Tribunal Superior do Trabalho,ICT,DF,Brasília,-15.77972,-47.92972,openalex,https://openalex.org/I4405266443
Trion Tec Radion (Brazil),ICT,,São Paulo,-23.547500610351562,-46.6361083984375,openalex,https://openalex.org/I4210097015
Trouw Nutrition (Brazil),ICT,,São José do Rio Preto,-20.806251525878906,-49.518028259277344,openalex,https://openalex.org/I4210156236
Ultra Hi Plásticos Industriais (Brazil),ICT,,Barueri,-23.508737564086914,-46.90472412109375,openalex,https://openalex.org/I4210106841
Ultrapar (Brazil),ICT,,São Paulo,-23.569435119628906,-46.650787353515625,openalex,https://openalex.org/I4210142355
Uma Gota no Oceano,ICT,,Rio de Janeiro,-23.003162384033203,-43.32100296020508,openalex,https://openalex.org/I4210104505
Unesp de Marília,Universidade,SP,Marília,-22.21389,-49.94583,openalex,https://openalex.org/I4405255970
Uniabeu Centro Universitário,Universidade,,Belford Roxo,-22.750627517700195,-43.442317962646484,openalex,https://openalex.org/I4210105837
União Dinâmica de Faculdades Cataratas,Universidade,,Foz do Iguaçu,-25.54119873046875,-54.580047607421875,openalex,https://openalex.org/I4210163678
UniBrasil Centro Universitário,Universidade,,Curitiba,-25.424877166748047,-49.21176528930664,openalex,https://openalex.org/I4210157083
Unichristus,Universidade,CE,Fortaleza,-3.7336089611053467,-38.49319839477539,openalex,https://openalex.org/I4210122181
Unidade Integrada de Farmacologia e Gastroenterologia,ICT,,São Paulo,-23.55255889892578,-46.66263961791992,openalex,https://openalex.org/I4210092160
UNIFAVIP,Universidade,,Caruaru,-8.29407787322998,-35.95354461669922,openalex,https://openalex.org/I4210096380
UniFG Centro Universitário,Universidade,,Guanambi,-14.221969604492188,-42.7765998840332,openalex,https://openalex.org/I4210101723
Unifunec - Centro Universitário de Santa Fé do Sul,Universidade,,Santa Fé do Sul,-20.191551208496094,-50.926517486572266,openalex,https://openalex.org/I4210156447
Unigen Tecnologia pelo DNA (Brazil),ICT,,São Paulo,-23.49094581604004,-46.624610900878906,openalex,https://openalex.org/I4210147702
UniGuairacá Centro Universitário,Universidade,PR,Guarapuava,-25.39048,-51.46541,openalex,https://openalex.org/I4210107546
Unimais,Universidade,SP,São Paulo,-23.5475,-46.63611,openalex,https://openalex.org/I4405253776
Uninter,ICT,,Curitiba,-25.427780151367188,-49.2730598449707,openalex,https://openalex.org/I4210101361
UniSoma (Brazil),ICT,,Campinas,-22.848894119262695,-47.072811126708984,openalex,https://openalex.org/I4210165122
United Nations Children's Fund Brazil,ICT,DF,Brasília,-15.77972,-47.92972,openalex,https://openalex.org/I4405277665
Univates,Universidade,,Lajeado,-29.46693992614746,-51.96139144897461,openalex,https://openalex.org/I1279799976
Universidade Brasil,Universidade,SP,São Paulo,-23.5475,-46.63611,openalex,https://openalex.org/I3019322962
Universidade Braz Cubas,Universidade,,Mogi das Cruzes,-23.513750076293945,-46.18738555908203,openalex,https://openalex.org/I4210090720
Universidade Candido Mendes,Universidade,RJ,Rio de Janeiro,-22.90642,-43.18223,openalex,https://openalex.org/I47548798
Universidade Castelo Branco,Universidade,,Rio de Janeiro,-22.878454208374023,-43.43897247314453,openalex,https://openalex.org/I4210109932
Universidade Católica de Brasília,Universidade,,Brasília,-15.779720306396484,-47.92972183227539,openalex,https://openalex.org/I24871856
Universidade Católica de Pelotas,Universidade,,Pelotas,-31.774564743041992,-52.34140396118164,openalex,https://openalex.org/I110676245
Universidade Católica de Pernambuco,Universidade,,Recife,-8.053890228271484,-34.88111114501953,openalex,https://openalex.org/I221977067
Universidade Católica de Petrópolis,Universidade,,Petrópolis,-22.5049991607666,-43.178611755371094,openalex,https://openalex.org/I46090414
Universidade Católica de Santos,Universidade,,Santos,-23.94631004333496,-46.3218994140625,openalex,https://openalex.org/I180669731
Universidade Católica do Salvador,Universidade,BA,Salvador,-12.97563,-38.49096,openalex,https://openalex.org/I19016203
Universidade Católica Dom Bosco,Universidade,,Campo Grande,-20.442779541015625,-54.64638900756836,openalex,https://openalex.org/I44839336
Universidade Ceuma,Universidade,MA,São Luís,-2.52972,-44.30278,openalex,https://openalex.org/I4210126848
Universidade Cidade de São Paulo,Universidade,SP,São Paulo,-23.5475,-46.63611,openalex,https://openalex.org/I4210099176
Universidade Cruzeiro do Sul,Universidade,,São Paulo,-23.55963706970215,-46.563873291015625,openalex,https://openalex.org/I4210160503
Universidade da Amazônia,Universidade,,Belém,-1.4171249866485596,-48.481361389160156,openalex,https://openalex.org/I162185876
Universidade da Região da Campanha,Universidade,,Bagé,-31.331390380859375,-54.10694122314453,openalex,https://openalex.org/I4210129511
Universidade da Região de Joinville,Universidade,,Joinville,-26.249176025390625,-48.85467529296875,openalex,https://openalex.org/I4210100389
Universidade de Brasília,Universidade,DF,Brasília,-15.77972,-47.92972,openalex,https://openalex.org/I150729083
Universidade de Caxias do Sul,Universidade,RS,Caxias do Sul,-29.16806,-51.17944,openalex,https://openalex.org/I30338065
Universidade de Cuiabá,Universidade,,Cuiabá,-15.61378002166748,-56.11735153198242,openalex,https://openalex.org/I4210110712
Universidade de Fortaleza,Universidade,CE,Fortaleza,-3.71722,-38.54306,openalex,https://openalex.org/I3125581668
Universidade de Franca,Universidade,,Franca,-20.568851470947266,-47.405269622802734,openalex,https://openalex.org/I3017598443
Universidade de Itaúna,Universidade,,Itaúna,-20.075279235839844,-44.57638931274414,openalex,https://openalex.org/I67266860
Universidade de Marília,Universidade,,Marília,-22.23430633544922,-49.96964645385742,openalex,https://openalex.org/I4210112693
Universidade de Mogi das Cruzes,Universidade,,Mogi das Cruzes,-23.51645851135254,-46.18182373046875,openalex,https://openalex.org/I98496276
Universidade de Passo Fundo,Universidade,,Passo Fundo,-28.262779235839844,-52.40666961669922,openalex,https://openalex.org/I16371252
Universidade de Pernambuco,Universidade,PE,Recife,-8.05389,-34.88111,openalex,https://openalex.org/I71437568
Universidade de Ribeirão Preto,Universidade,SP,Ribeirão Preto,-21.1775,-47.81028,openalex,https://openalex.org/I1331278255
Universidade de Rio Verde,Universidade,GO,Rio Verde,-17.71888,-51.04215,openalex,https://openalex.org/I4210123045
Universidade de Santa Cruz do Sul,Universidade,,Santa Cruz do Sul,-29.717500686645508,-52.42583084106445,openalex,https://openalex.org/I207417044
Universidade de Santo Amaro,Universidade,,São Paulo,-23.728336334228516,-46.71220016479492,openalex,https://openalex.org/I4210166250
Universidade de São Paulo,Universidade,SP,São Paulo,-23.5475,-46.63611,openalex,https://openalex.org/I17974374
Universidade de Sorocaba,Universidade,SP,Sorocaba,-23.50167,-47.45806,openalex,https://openalex.org/I4210119971
Universidade de Taubaté,Universidade,,Taubaté,-23.027416229248047,-45.55960464477539,openalex,https://openalex.org/I142340749
Universidade de Uberaba,Universidade,,Uberaba,-19.75666618347168,-47.96630096435547,openalex,https://openalex.org/I4210158152
Universidade do Contestado,Universidade,,Caçador,-26.775279998779297,-51.01499938964844,openalex,https://openalex.org/I4210136792
Universidade do Estado da Bahia,Universidade,BA,Salvador,-12.97563,-38.49096,openalex,https://openalex.org/I1316675753
Universidade do Estado de Mato Grosso,Universidade,MT,Cáceres,-16.07056,-57.67889,openalex,https://openalex.org/I3017928408
Universidade do Estado de Minas Gerais,Universidade,MG,Belo Horizonte,-19.92083,-43.93778,openalex,https://openalex.org/I219826191
Universidade do Estado de Santa Catarina,Universidade,,Florianópolis,-27.596670150756836,-48.549171447753906,openalex,https://openalex.org/I164790352
Universidade do Estado do Amazonas,Universidade,AM,Manaus,-3.10194,-60.025,openalex,https://openalex.org/I4210147594
Universidade do Estado do Pará,Universidade,PA,Belém,-1.45583,-48.50444,openalex,https://openalex.org/I211891151
Universidade do Estado do Rio de Janeiro,Universidade,RJ,Rio de Janeiro,-22.90642,-43.18223,openalex,https://openalex.org/I40034438
Universidade do Estado do Rio Grande do Norte,Universidade,RN,Mossoró,-5.1875,-37.34417,openalex,https://openalex.org/I4210103065
Universidade do Extremo Sul Catarinense,Universidade,,Criciúma,-28.677499771118164,-49.369720458984375,openalex,https://openalex.org/I77063049
Universidade do Oeste de Santa Catarina,Universidade,SC,Joaçaba,-27.17806,-51.50472,openalex,https://openalex.org/I4210131097
Universidade do Oeste Paulista,Universidade,SP,Presidente Prudente,-22.12556,-51.38889,openalex,https://openalex.org/I4210089278
Universidade do Planalto Catarinense,Universidade,,Lages,-27.822959899902344,-50.316890716552734,openalex,https://openalex.org/I4210104043
Universidade do Sul de Santa Catarina,Universidade,,Tubarão,-28.482236862182617,-49.01934814453125,openalex,https://openalex.org/I4210088382
Universidade do Tocantins,Universidade,,Palmas,-10.167449951171875,-48.327659606933594,openalex,https://openalex.org/I4210089573
Universidade do Vale do Itajaí,Universidade,SC,Itajaí,-26.90778,-48.66194,openalex,https://openalex.org/I4210144729
Universidade do Vale do Paraíba,Universidade,,São José dos Campos,-23.179439544677734,-45.886940002441406,openalex,https://openalex.org/I122523194
Universidade do Vale do Rio dos Sinos,Universidade,RS,São Leopoldo,-29.76028,-51.14722,openalex,https://openalex.org/I61722147
Universidade do Vale do Sapucaí,Universidade,MG,Pouso Alegre,-22.23,-45.93639,openalex,https://openalex.org/I4210121543
Universidade Estadual da Paraíba,Universidade,PB,Campina Grande,-7.23056,-35.88111,openalex,https://openalex.org/I136754270
Universidade Estadual da Região Tocantina do Maranhão,Universidade,MA,Imperatriz,-5.52639,-47.49167,openalex,https://openalex.org/I4210110660
Universidade Estadual da Zona Oeste,Universidade,,Rio de Janeiro,-22.90641975402832,-43.18223190307617,openalex,https://openalex.org/I3130788380
Universidade Estadual de Campinas (UNICAMP),Universidade,SP,Campinas,-22.90556,-47.06083,openalex,https://openalex.org/I181391015
Universidade Estadual de Ciências da Saúde de Alagoas,Universidade,,Maceió,-9.663243293762207,-35.72404479980469,openalex,https://openalex.org/I4210125286
Universidade Estadual de Feira de Santana,Universidade,BA,Feira de Santana,-12.26667,-38.96667,openalex,https://openalex.org/I21606457
Universidade Estadual de Goiás,Universidade,GO,Anápolis,-16.32667,-48.95278,openalex,https://openalex.org/I3129565396
Universidade Estadual de Londrina,Universidade,PR,Londrina,-23.31028,-51.16278,openalex,https://openalex.org/I127110123
Universidade Estadual de Maringá,Universidade,PR,Maringá,-23.42528,-51.93861,openalex,https://openalex.org/I123443094
Universidade Estadual de Mato Grosso do Sul,Universidade,,Dourados,-22.22110939025879,-54.80556106567383,openalex,https://openalex.org/I2802295813
Universidade Estadual de Montes Claros,Universidade,,Montes Claros,-16.735000610351562,-43.861671447753906,openalex,https://openalex.org/I43526919
Universidade Estadual de Ponta Grossa,Universidade,PR,Ponta Grossa,-25.095,-50.16194,openalex,https://openalex.org/I68207295
Universidade Estadual de Roraima,Universidade,,Boa Vista,2.8197200298309326,-60.6733283996582,openalex,https://openalex.org/I4210130739
Universidade Estadual de Santa Cruz,Universidade,BA,Ilhéus,-14.79909,-39.03228,openalex,https://openalex.org/I3122449915
Universidade Estadual do Amapá,Universidade,,Macapá,0.042351000010967255,-51.065185546875,openalex,https://openalex.org/I4210147543
Universidade Estadual do Ceará,Universidade,CE,Fortaleza,-3.71722,-38.54306,openalex,https://openalex.org/I102939073
Universidade Estadual do Centro-Oeste,Universidade,PR,Guarapuava,-25.39048,-51.46541,openalex,https://openalex.org/I4210133832
Universidade Estadual do Maranhão,Universidade,MA,São Luís,-2.52972,-44.30278,openalex,https://openalex.org/I4210148707
Universidade Estadual do Norte do Paraná,Universidade,,Jacarezinho,-23.160560607910156,-49.96944046020508,openalex,https://openalex.org/I4210114476
Universidade Estadual do Oeste do Paraná,Universidade,PR,Cascavel,-24.95583,-53.45528,openalex,https://openalex.org/I193876067
Universidade Estadual do Paraná,Universidade,PR,Paranavaí,-23.07306,-52.46528,openalex,https://openalex.org/I3020652664
Universidade Estadual do Piauí,Universidade,PI,Teresina,-5.08917,-42.80194,openalex,https://openalex.org/I3123346794
Universidade Estadual do Rio Grande do Sul,Universidade,RS,Porto Alegre,-30.11462,-51.16393,openalex,https://openalex.org/I4210112140
Universidade Estadual Paulista (Unesp),Universidade,SP,São Paulo,-23.5475,-46.63611,openalex,https://openalex.org/I879563668
Universidade Evangelica de Goiás,Universidade,GO,Anápolis,-16.32667,-48.95278,openalex,https://openalex.org/I3018035901
Universidade Federal da Bahia,Universidade,BA,Salvador,-12.97563,-38.49096,openalex,https://openalex.org/I126158947
Universidade Federal da Fronteira Sul,Universidade,,Chapecó,-27.096389770507812,-52.61832809448242,openalex,https://openalex.org/I3130004620
Universidade Federal da Grande Dourados,Universidade,MS,Dourados,-22.22111,-54.80556,openalex,https://openalex.org/I187420256
Universidade Federal da Integração Latino-Americana,Universidade,PR,Foz do Iguaçu,-25.54778,-54.58806,openalex,https://openalex.org/I165972669
Universidade Federal da Paraíba,Universidade,,João Pessoa,-7.114999771118164,-34.863059997558594,openalex,https://openalex.org/I169045520
Universidade Federal de Alagoas,Universidade,AL,Maceió,-9.66583,-35.73528,openalex,https://openalex.org/I79889768
Universidade Federal de Alfenas,Universidade,MG,Alfenas,-21.42917,-45.94722,openalex,https://openalex.org/I23925101
Universidade Federal de Campina Grande,Universidade,PB,Campina Grande,-7.23056,-35.88111,openalex,https://openalex.org/I41455075
Universidade Federal de Catalão,Universidade,GO,Catalão,-18.16583,-47.94639,openalex,https://openalex.org/I4387156084
Universidade Federal de Ciências da Saúde de Porto Alegre,Universidade,RS,Porto Alegre,-30.03283,-51.23019,openalex,https://openalex.org/I134363262
Universidade Federal de Goiás,Universidade,GO,Goiânia,-16.67861,-49.25389,openalex,https://openalex.org/I68106152
Universidade Federal de Itajubá,Universidade,MG,Itajubá,-22.42556,-45.45278,openalex,https://openalex.org/I8165072
Universidade Federal de Jataí,Universidade,GO,Jatai,-17.87939,-51.72166,openalex,https://openalex.org/I4210090392
Universidade Federal de Juiz de Fora,Universidade,,Juiz de Fora,-21.764169692993164,-43.35028076171875,openalex,https://openalex.org/I101100930
Universidade Federal de Lavras,Universidade,,Lavras,-21.24527931213379,-44.99972152709961,openalex,https://openalex.org/I1315085146
Universidade Federal de Mato Grosso,Universidade,,Cuiabá,-15.608699798583984,-56.06370162963867,openalex,https://openalex.org/I32725510
Universidade Federal de Mato Grosso do Sul,Universidade,MS,Campo Grande,-20.44278,-54.64639,openalex,https://openalex.org/I122558511
Universidade Federal de Minas Gerais,Universidade,MG,Belo Horizonte,-19.92083,-43.93778,openalex,https://openalex.org/I110200422
Universidade Federal de Ouro Preto,Universidade,MG,Ouro Preto,-20.39484,-43.50517,openalex,https://openalex.org/I10824318
Universidade Federal de Pelotas,Universidade,RS,Pelotas,-31.76997,-52.34101,openalex,https://openalex.org/I169248161
Universidade Federal de Pernambuco,Universidade,PE,Recife,-8.05389,-34.88111,openalex,https://openalex.org/I25112270
Universidade Federal de Rondônia,Universidade,RO,Porto Velho,-8.76194,-63.90389,openalex,https://openalex.org/I123001628
Universidade Federal de Roraima,Universidade,,Boa Vista,2.8197200298309326,-60.6733283996582,openalex,https://openalex.org/I4210144834
Universidade Federal de Santa Catarina,Universidade,,Florianópolis,-27.596670150756836,-48.549171447753906,openalex,https://openalex.org/I4104125
Universidade Federal de Santa Maria,Universidade,RS,Santa Maria,-29.68417,-53.80694,openalex,https://openalex.org/I33501960
Universidade Federal de São Carlos,Universidade,,São Carlos,-22.017499923706055,-47.890830993652344,openalex,https://openalex.org/I177909021
Universidade Federal de São Paulo,Universidade,SP,São Paulo,-23.5475,-46.63611,openalex,https://openalex.org/I88273585
Universidade Federal de Sergipe,Universidade,SE,Aracaju,-10.91111,-37.07167,openalex,https://openalex.org/I190085865
Universidade Federal de Uberlândia,Universidade,MG,Uberlândia,-18.91861,-48.27722,openalex,https://openalex.org/I80850581
Universidade Federal de Viçosa,Universidade,MG,Viçosa,-20.75389,-42.88194,openalex,https://openalex.org/I146165071
Universidade Federal do ABC,Universidade,SP,Santo André,-23.66389,-46.53833,openalex,https://openalex.org/I71715416
Universidade Federal do Acre,Universidade,AC,Rio Branco,-9.97472,-67.81,openalex,https://openalex.org/I1317776637
Universidade Federal do Amapá,Universidade,,Macapá,0.03889000043272972,-51.06639099121094,openalex,https://openalex.org/I4210135412
Universidade Federal do Amazonas,Universidade,AM,Manaus,-3.10194,-60.025,openalex,https://openalex.org/I62885914
Universidade Federal do Cariri,Universidade,CE,Juazeiro do Norte,-7.21306,-39.31528,openalex,https://openalex.org/I4210090750
Universidade Federal do Ceará,Universidade,CE,Fortaleza,-3.71722,-38.54306,openalex,https://openalex.org/I243754102
Universidade Federal do Espírito Santo,Universidade,ES,Vitória,-20.31944,-40.33778,openalex,https://openalex.org/I51235708
Universidade Federal do Estado do Rio de Janeiro,Universidade,RJ,Rio de Janeiro,-22.90642,-43.18223,openalex,https://openalex.org/I83648350
Universidade Federal do Maranhão,Universidade,MA,São Luís,-2.52972,-44.30278,openalex,https://openalex.org/I47327664
Universidade Federal do Oeste da Bahia,Universidade,,Barreiras,-12.152779579162598,-44.9900016784668,openalex,https://openalex.org/I2802951768
Universidade Federal do Oeste do Pará,Universidade,,Santarém,-2.4430599212646484,-54.70832824707031,openalex,https://openalex.org/I1314665148
Universidade Federal do Pampa,Universidade,,Bagé,-31.331390380859375,-54.10694122314453,openalex,https://openalex.org/I72872986
Universidade Federal do Pará,Universidade,PA,Belém,-1.45583,-48.50444,openalex,https://openalex.org/I59606676
Universidade Federal do Paraná,Universidade,PR,Curitiba,-25.42778,-49.27306,openalex,https://openalex.org/I52418104
Universidade Federal do Piauí,Universidade,PI,Teresina,-5.08917,-42.80194,openalex,https://openalex.org/I3121799822
Universidade Federal do Recôncavo da Bahia,Universidade,BA,Cruz das Almas,-12.67,-39.10194,openalex,https://openalex.org/I129192303
Universidade Federal do Rio de Janeiro,Universidade,RJ,Rio de Janeiro,-22.90642,-43.18223,openalex,https://openalex.org/I122140584
Universidade Federal do Rio Grande,Universidade,RS,Rio Grande,-32.035,-52.09861,openalex,https://openalex.org/I126460647
Universidade Federal do Rio Grande do Norte,Universidade,,Natal,-5.795000076293945,-35.20943832397461,openalex,https://openalex.org/I35046152
Universidade Federal do Rio Grande do Sul,Universidade,RS,Porto Alegre,-30.03283,-51.23019,openalex,https://openalex.org/I130442723
Universidade Federal do Sul da Bahia,Universidade,,Itabuna,-14.78555965423584,-39.28028106689453,openalex,https://openalex.org/I4210096578
Universidade Federal do Sul e Sudeste do Pará,Universidade,,Marabá,-5.381460189819336,-49.132320404052734,openalex,https://openalex.org/I3129508524
Universidade Federal do Tocantins,Universidade,TO,Palmas,-10.16745,-48.32766,openalex,https://openalex.org/I41458283
Universidade Federal do Triângulo Mineiro,Universidade,MG,Uberaba,-19.74833,-47.93194,openalex,https://openalex.org/I4210106570
Universidade Federal do Vale do São Francisco,Universidade,PE,Petrolina,-9.39861,-40.50083,openalex,https://openalex.org/I59530521
Universidade Federal dos Vales do Jequitinhonha e Mucuri,Universidade,MG,Diamantina,-18.24692,-43.60345,openalex,https://openalex.org/I4210118133
Universidade Federal Fluminense,Universidade,RJ,Niterói,-22.88333,-43.10361,openalex,https://openalex.org/I161127581
Universidade Federal Rural da Amazônia,Universidade,PA,Belém,-1.45583,-48.50444,openalex,https://openalex.org/I3130823459
Universidade Federal Rural de Pernambuco,Universidade,PE,Recife,-8.05389,-34.88111,openalex,https://openalex.org/I62921916
Universidade Federal Rural do Rio de Janeiro,Universidade,RJ,Seropédica,-22.74389,-43.7075,openalex,https://openalex.org/I161460629
Universidade Federal Rural do Semi-Árido,Universidade,RN,Mossoró,-5.1875,-37.34417,openalex,https://openalex.org/I84554738
Universidade Feevale,Universidade,,Novo Hamburgo,-29.678329467773438,-51.13056182861328,openalex,https://openalex.org/I145689991
Universidade Franciscana,Universidade,,Santa Maria,-29.68416976928711,-53.80693817138672,openalex,https://openalex.org/I226123470
Universidade Fundação Mineira de Educação e Cultura,Universidade,,Belo Horizonte,-19.94329261779785,-43.925540924072266,openalex,https://openalex.org/I1292114621
Universidade Ibirapuera,Universidade,,São Paulo,-23.664403915405273,-46.67763900756836,openalex,https://openalex.org/I4210116537
Universidade Iguaçu,Universidade,,Nova Iguaçu,-22.758852005004883,-43.47393798828125,openalex,https://openalex.org/I4210099050
Universidade José do Rosário Vellano,Universidade,,Alfenas,-21.429170608520508,-45.94721984863281,openalex,https://openalex.org/I4210143202
Universidade La Salle,Universidade,,Canoas,-29.916366577148438,-51.18229675292969,openalex,https://openalex.org/I4210102413
Universidade Livre de Música,Universidade,,São Paulo,-23.547500610351562,-46.6361083984375,openalex,https://openalex.org/I4210158466
Universidade Luterana do Brasil,Universidade,RS,Canoas,-29.91778,-51.18361,openalex,https://openalex.org/I51882195
Universidade Metodista de São Paulo,Universidade,,São Bernardo do Campo,-23.693889617919922,-46.564998626708984,openalex,https://openalex.org/I163039527
Universidade Metropolitana de Santos,Universidade,,Santos,-23.957170486450195,-46.3230094909668,openalex,https://openalex.org/I4210140372
Universidade Municipal de São Caetano do Sul,Universidade,,São Caetano do Sul,-23.624984741210938,-46.54840087890625,openalex,https://openalex.org/I156655148
Universidade Nilton Lins,Universidade,,Manaus,-3.057811975479126,-60.006980895996094,openalex,https://openalex.org/I4210143895
Universidade Norte do Paraná,Universidade,PR,Londrina,-23.31028,-51.16278,openalex,https://openalex.org/I262037059
Universidade Nove de Julho,Universidade,SP,São Paulo,-23.5475,-46.63611,openalex,https://openalex.org/I3017888287
Universidade para o Desenvolvimento do Alto Vale do Itajaí,Universidade,,Rio do Sul,-27.214170455932617,-49.64305877685547,openalex,https://openalex.org/I4210129156
Universidade Paranaense,Universidade,,Umuarama,-23.766389846801758,-53.32500076293945,openalex,https://openalex.org/I187576290
Universidade Paulista,Universidade,SP,São Paulo,-23.5475,-46.63611,openalex,https://openalex.org/I4210111188
Universidade Paulista Campinas,Universidade,SP,Campinas,-22.90556,-47.06083,openalex,https://openalex.org/I4405253480
Universidade Positivo,Universidade,PR,Curitiba,-25.42778,-49.27306,openalex,https://openalex.org/I75619284
Universidade Potiguar,Universidade,,Natal,-5.781984806060791,-35.20065689086914,openalex,https://openalex.org/I4210088480
Universidade Presbiteriana Mackenzie,Universidade,,São Paulo,-23.54819107055664,-46.6503791809082,openalex,https://openalex.org/I18167132
Universidade Presidente Antônio Carlos,Universidade,,Barbacena,-21.22186851501465,-43.77097702026367,openalex,https://openalex.org/I4210156200
Universidade Regional de Blumenau,Universidade,SC,Blumenau,-26.91944,-49.06611,openalex,https://openalex.org/I4210105683
Universidade Regional do Cariri,Universidade,CE,Crato,-7.23417,-39.40944,openalex,https://openalex.org/I4210162876
Universidade Regional do Noroeste do Estado do Rio Grande do Sul,Universidade,RS,Ijuí,-28.38778,-53.91472,openalex,https://openalex.org/I4210137933
Universidade Regional Integrada do Alto Uruguai e das Missões,Universidade,,Erechim,-27.647981643676758,-52.26890182495117,openalex,https://openalex.org/I4210149719
Universidade Sagrado Coração,Universidade,,Bauru,-22.328359603881836,-49.05238723754883,openalex,https://openalex.org/I4210109090
Universidade Salgado de Oliveira,Universidade,,São Gonçalo,-18.83019256591797,-44.26779556274414,openalex,https://openalex.org/I4210123373
Universidade Salvador,Universidade,,Salvador,-12.981649398803711,-38.466773986816406,openalex,https://openalex.org/I44314228
Universidade Santa Cecília,Universidade,,Santos,-23.963825225830078,-46.32146072387695,openalex,https://openalex.org/I4210123613
Universidade Santa Úrsula,Universidade,,Rio de Janeiro,-22.94027328491211,-43.184017181396484,openalex,https://openalex.org/I120110088
Universidade São Francisco,Universidade,SP,Bragança Paulista,-22.9527,-46.54418,openalex,https://openalex.org/I81009624
Universidade São Judas Tadeu,Universidade,,São Paulo,-23.568193435668945,-46.713951110839844,openalex,https://openalex.org/I56001253
Universidade São Marcos,Universidade,,São Paulo,-22.764629364013672,-47.150821685791016,openalex,https://openalex.org/I4210123096
Universidade SENAI CIMATEC,Universidade,BA,Salvador,-12.97563,-38.49096,openalex,https://openalex.org/I4405256755
Universidade Sociedade Educacional de Santa Catarina,Universidade,SC,Joinville,-26.30444,-48.84556,openalex,https://openalex.org/I4210093076
Universidade Tecnológica Federal do Paraná,Universidade,PR,Curitiba,-25.42778,-49.27306,openalex,https://openalex.org/I1283613182
Universidade Tiradentes,Universidade,SE,Aracaju,-10.91111,-37.07167,openalex,https://openalex.org/I4210100888
Universidade Tuiuti do Paraná,Universidade,,Curitiba,-25.423683166503906,-49.32051467895508,openalex,https://openalex.org/I4210094372
Universidade Unigranrio,Universidade,,Rio de Janeiro,-22.981395721435547,-43.367530822753906,openalex,https://openalex.org/I3019930557
Universidade Vale do Rio Doce,Universidade,,Governador Valadares,-18.851110458374023,-41.949440002441406,openalex,https://openalex.org/I4210102645
Universidade Vale do Rio Verde,Universidade,,Três Corações,-21.692035675048828,-45.26005935668945,openalex,https://openalex.org/I4210096016
Universidade Veiga de Almeida,Universidade,,Cabo Frio,-22.885290145874023,-42.062950134277344,openalex,https://openalex.org/I4210123965
Universidade Vila Velha,Universidade,,Vila Velha,-20.35301971435547,-40.29924011230469,openalex,https://openalex.org/I4210144357
Universidade Virtual do Estado de São Paulo,Universidade,SP,São Paulo,-23.5475,-46.63611,openalex,https://openalex.org/I4405254059
University Alto Vale do Rio do Peixe,Universidade,,Caçador,-26.775279998779297,-51.01499938964844,openalex,https://openalex.org/I4210159009
University Association for Research in Fundamental Psychopathology,Universidade,,São Paulo,-23.59157943725586,-46.661258697509766,openalex,https://openalex.org/I4210157350
University Center Augusto Motta,Universidade,,Rio de Janeiro,-22.866884231567383,-43.2539176940918,openalex,https://openalex.org/I3018203808
University Center of Brasília,Universidade,DF,Brasília,-15.77972,-47.92972,openalex,https://openalex.org/I4210138102
University for International Integration of the Afro-Brazilian Lusophony,Universidade,,Redenção,-4.221726894378662,-38.72470474243164,openalex,https://openalex.org/I3130695932
University Gama Filho,Universidade,,Rio de Janeiro,-22.893203735351562,-43.30694580078125,openalex,https://openalex.org/I4210094266
University of Cruz Alta,Universidade,,Cruz Alta,-28.5687198638916,-53.62229537963867,openalex,https://openalex.org/I114282444
University of Gurupi,Universidade,TO,Gurupi,-11.72917,-49.06861,openalex,https://openalex.org/I4405260707
University of the Federal District,Universidade,DF,Brasília,-15.77972,-47.92972,openalex,https://openalex.org/I4405266701
University of Vassouras,Universidade,,Vassouras,-22.408527374267578,-43.66341781616211,openalex,https://openalex.org/I4210089052
Uranet (Brazil),ICT,,São Paulo,-23.5462703704834,-46.63648223876953,openalex,https://openalex.org/I4210106087
Urbem Tecnologia Ambiental (Brazil),ICT,,São Bernardo do Campo,-23.69256019592285,-46.57571029663086,openalex,https://openalex.org/I4210099634
Utep (Brazil),ICT,,Guarulhos,-23.470462799072266,-46.4807014465332,openalex,https://openalex.org/I4210113001
Vale (Brazil),ICT,MG,Itabira,-19.61917,-43.22694,openalex,https://openalex.org/I165476936
Vale Technological Institute,Universidade,PA,Belém,-1.45583,-48.50444,openalex,https://openalex.org/I4210161302
Valeo (Brazil),ICT,,São Paulo,-23.698486328125,-46.660255432128906,openalex,https://openalex.org/I4210131781
Vallitech (Brazil),ICT,,Pinhais,-25.430805206298828,-49.18645477294922,openalex,https://openalex.org/I4210111821
Valongo Observatory,ICT,,Rio de Janeiro,-22.90641975402832,-43.18223190307617,openalex,https://openalex.org/I4210089367
Verdartis (Brazil),ICT,,Ribeirão Preto,-21.183969497680664,-47.785465240478516,openalex,https://openalex.org/I4210109187
Verdaz (Brazil),ICT,,São José do Rio Preto,-20.817060470581055,-49.41596984863281,openalex,https://openalex.org/I4210160345
Veritas Life Sciences (Brazil),ICT,,Ribeirão Preto,-21.162452697753906,-47.864444732666016,openalex,https://openalex.org/I4210117653
Versis Tecnologia (Brazil),ICT,,Campinas,-22.880796432495117,-47.03246307373047,openalex,https://openalex.org/I4210157285
Versor Inovação Tecnológica (Brazil),ICT,,Santo André,-23.659244537353516,-46.54145050048828,openalex,https://openalex.org/I4210115983
Victor Vision (Brazil),ICT,,São Carlos,-22.006277084350586,-47.88187026977539,openalex,https://openalex.org/I4210151073
Villares Metals (Brasil),ICT,,Sumaré,-22.804513931274414,-47.20808029174805,openalex,https://openalex.org/I4210166804
VISIONBR Tecnologia e Informatica (Brazil),ICT,,Ribeirão Preto,-21.197938919067383,-47.81871032714844,openalex,https://openalex.org/I4210142211
Vita Care (Brazil),ICT,,São Paulo,-23.62654685974121,-46.66455841064453,openalex,https://openalex.org/I4210109241
Vitex (Brazil),ICT,,São Paulo,-23.53340721130371,-46.727500915527344,openalex,https://openalex.org/I4210089532
Vitrogen (Brazil),ICT,,Campo Grande,-20.452699661254883,-54.603553771972656,openalex,https://openalex.org/I4210138050
VIVA Instituto Verde Azul,ICT,SP,Ilhabela,-23.8484,-45.32321,openalex,https://openalex.org/I4405260499
Vocalize (Brazil),ICT,,Campinas,-22.847103118896484,-47.08382797241211,openalex,https://openalex.org/I4210116112
Voestalpine (Brazil),ICT,,São Paulo,-23.425416946411133,-46.78570556640625,openalex,https://openalex.org/I4210097305
Waelzholz (Brasil),ICT,,São Bernardo do Campo,-23.67635726928711,-46.59356689453125,openalex,https://openalex.org/I4210116415
Watanabe Applied Technology (Brazil),ICT,,Cravinhos,-21.336910247802734,-47.72864532470703,openalex,https://openalex.org/I4210093378
Wavetek (Brazil),ICT,,São Carlos,-21.999216079711914,-47.90998077392578,openalex,https://openalex.org/I4210153935
Welding Science (Brazil),ICT,,São Paulo,-23.59823989868164,-46.54719924926758,openalex,https://openalex.org/I4210137973
Whirlpool (Brazil),ICT,,São Paulo,-23.53241539001465,-46.65713882446289,openalex,https://openalex.org/I4210161066
Wikimedia Brasil,ICT,SP,São Paulo,-23.5475,-46.63611,openalex,https://openalex.org/I4210106677
WorleyParsons (Brazil),ICT,,São Paulo,-23.63239860534668,-46.71282958984375,openalex,https://openalex.org/I4210087635
XMobots (Brazil),ICT,,São Carlos,-22.038036346435547,-47.86327362060547,openalex,https://openalex.org/I4210152320
ACATE - Associação Catarinense de Tecnologia,Hub de inovação,SC,Florianópolis,-27.5954,-48.548,otd_cgee,https://www.acate.com.br/
Adv Lab - Laboratório de Inovação da Advocacia,Laboratório de inovação,RO,Porto Velho,-8.7619,-63.9039,otd_cgee,https://www.oab-ro.org.br/advlab/
AgFood Digital Hub,Hub de inovação,SP,São Paulo,-23.5505,-46.6333,otd_cgee,https://cadastro.agventure.com.br/agfooddigitalhub
AGIFMA - Agência IFMA de Inovação,Laboratório de inovação,MA,São Luís,-2.5307,-44.3068,otd_cgee,https://prpgi.ifma.edu.br/agencia-ifma-de-inovacao-agifma/apresentacao/
Agrihub,Hub de inovação,MT,Cuiabá,-15.6014,-56.0979,otd_cgee,https://agrihub.com.br/
AGROTEC - Bioeconomia no Agronegócio,Unidade Embrapii,MS,Campo Grande,-20.4697,-54.6201,otd_cgee,https://embrapii.org.br/unidades/unidade-embrapii-de-bioeconomia-no-agronegocio-agrotec-ufms/
AI2 - Instituto Avançado para Inteligência Artificial,Laboratório de pesquisa,SP,São Paulo,-23.5505,-46.6333,otd_cgee,https://advancedinstitute.ai/
AIMS - Artificial Intelligence for Multimodal Signal Processing,Laboratório de pesquisa,SP,Campinas,-22.9099,-47.0626,otd_cgee,https://github.com/AI-Unicamp/
Avance Hub,Hub de inovação,SP,Piracicaba,-22.7253,-47.6492,otd_cgee,https://www.avancehub.com.br/
Baneshub,Hub de inovação,ES,Vitória,-20.3155,-40.3128,otd_cgee,https://www.banestes.com.br/informes/2022/2022_07_01_01.html
Base27 – Hub de Inovação Capixaba,Hub de inovação,ES,Vitória,-20.3155,-40.3128,otd_cgee,https://base27.com.br/
BeeLab - Laboratório de Fabricação Digital do Parque Tecnológico Jataí,Laboratório de fabricação digital,GO,Jataí,-17.8817,-51.7144,otd_cgee,https://pnipe.mcti.gov.br/laboratory/11208
BI0S - Brazilian Institute of Data Science,Centro de Pesquisa Aplicada em IA; Laboratório de pesquisa,SP,Campinas,-22.9099,-47.0626,otd_cgee,https://bv.fapesp.br/pt/auxilios/109243/bi0s-brazilian-institute-of-data-science/
BIOTIC - Parque Tecnológico de Brasília,Parque tecnológico,DF,Brasília,-15.7801,-47.9292,otd_cgee,https://www.bioticsa.com.br/o-parque-tecnologico-de-brasilia
BNCC - Base Nacional Comum Curricular,Laboratório de pesquisa,SP,São Paulo,-23.5505,-46.6333,otd_cgee,https://bncc.ai/
BRISA - Brisa Sociedade para o Desenvolvimento da Tecnologia da Informação,Instituto de ciência e tecnologia (ICT),SP,São Paulo,-23.5505,-46.6333,otd_cgee,https://brisabr.com.br/
C2D - Centro de Ciência de Dados,Laboratório de pesquisa,SP,São Paulo,-23.5505,-46.6333,otd_cgee,https://c2d.poli.usp.br/
C4AI - Centro de Inteligência Artificial,Centro de Pesquisa Aplicada em IA; Laboratório de pesquisa,SP,São Paulo,-23.5505,-46.6333,otd_cgee,https://c4ai.inova.usp.br/
Casarão Tech Renato Archer,Hub de inovação,MA,São Luís,-2.5307,-44.3068,otd_cgee,https://www.linkedin.com/company/ctra/?originalSubdomain=br
CBPF - Centro Brasileiro de Pesquisas Físicas,Instituto de ciência e tecnologia (ICT),RJ,Rio de Janeiro,-22.9068,-43.1729,otd_cgee,https://www.gov.br/cbpf/pt-br/o-cbpf/biografia
CCM/ITA - Centro de Competência em Manufatura do Instituto Tecnológico de Aeronáutica,Unidade Embrapii,SP,São José dos Campos,-23.2237,-45.9009,otd_cgee,https://embrapii.org.br/unidades/unidade-embrapii-de-transmissao-de-potencia-ccm-ita-centro-de-competencia-em-manufatura-do-instituto-tecnologico-de-aeronautica/
CCTI - Centro de Ciência Tecnologia e Inovação,Projeto de capacitação,RR,Boa Vista,2.8235,-60.6758,otd_cgee,http://ccti.boavista.rr.gov.br/novo/conheca-ccti.php
CDTS - Centro de Desenvolvimento Tecnológico em Saúde,Laboratório de pesquisa,RJ,Rio de Janeiro,-22.9068,-43.1729,otd_cgee,https://www.cdts.fiocruz.br/
CEAR/UFPB - Centro de Energias Alternativas e Renováveis da Universidade Federal da Paraíba,Unidade Embrapii,PB,João Pessoa,-7.1195,-34.845,otd_cgee,https://embrapii.org.br/unidades/unidade-embrapii-de-tecnologias-em-otimizacao-de-energia-cear-ufpb-centro-de-energias-alternativas-e-renovaveis-da-universidade-federal-da-paraiba/
CEEI/UFCG - Centro de Engenharia Elétrica e Informática da Universidade Federal de Campina Grande,Unidade Embrapii,PB,Campina Grande,-7.2306,-35.8811,otd_cgee,https://embrapii.org.br/unidades/ceei-centro-de-engenharia-eletrica-e-informatica-ufcg/
CEI/UFG - Centro de Empreendedorismo e Incubação da Universidade Federal de Goiás,Incubadora,GO,Goiás,-15.9331,-50.1406,otd_cgee,https://cei.ufg.br/
CEIA/UFG - Centro de Excelência em Inteligência Artificial,Unidade Embrapii,GO,Goiânia,-16.6869,-49.2648,otd_cgee,https://embrapii.org.br/unidades/unidade-embrapii-em-inteligencia-artificial-ceia-ufg-centro-de-excelencia-em-inteligencia-artificial/
CEINFAR/USP,Unidade Embrapii,SP,São Paulo,-23.5505,-46.6333,otd_cgee,https://embrapii.org.br/unidades/unidade-embrapii-de-descoberta-e-desenvolvimento-de-farmacos-e-biofarmacos-ceinfar-usp/
CELTA - Centro Empresarial para Laboração de Tecnologias Avançadas,Incubadora,SC,Florianópolis,-27.5954,-48.548,otd_cgee,https://celta.certi.org.br/
CENTAURO - Centro de Automação e Robótica,Laboratório de pesquisa,CE,Fortaleza,-3.7172,-38.5433,otd_cgee,https://www.nutec.ce.gov.br/servicos/centauro/
Centro de Competência Embrapii Einstein em Terapias Avançadas,Centro de Competência Embrapii,SP,São Paulo,-23.5505,-46.6333,otd_cgee,https://embrapii.org.br/centro-competencia/centro-de-competencia-embrapii-em-terapias-avancadas-ccta-hospital-albert-einstein/
Centro de Competência Embrapii em Agricultura Digital (Cedra),Centro de Competência Embrapii; Laboratório de pesquisa,RS,São Leopoldo,-29.7604,-51.147,otd_cgee,https://cedratech.com.br/
Centro de Competência Embrapii em Conectividade 5G e 6G (xGMobile – Inatel),Centro de Competência Embrapii; Laboratório de pesquisa,MG,Santa Rita do Sapucaí,-22.2456,-45.6969,otd_cgee,https://embrapii.org.br/centro-competencia/centro-de-competencia-embrapii-em-tecnologia-e-infraestruturas-de-conectividade-5g-e-6g-xgmobile-instituto-nacional-de-telecomunicacoes-inatel/
Centro de Competência Embrapii em Hardware Inteligente para Indústria (VIRTUS CC),Centro de Competência Embrapii; Laboratório de pesquisa,PB,Campina Grande,-7.2306,-35.8811,otd_cgee,https://www.virtus.ufcg.edu.br/cc/
Centro de Competência Embrapii em Segurança Cibernética (CISSA – CESAR),Centro de Competência Embrapii; Laboratório de pesquisa,PE,Recife,-8.0476,-34.877,otd_cgee,https://www.cesar.org.br/ciberseguranca
Centro de Competência Embrapii em Smart Grid e Eletromobilidade (FutureGrid – Lactec),Centro de Competência Embrapii; Laboratório de pesquisa,PR,Curitiba,-25.4284,-49.2733,otd_cgee,https://embrapii.org.br/centro-competencia/centro-de-competencia-embrapii-em-smart-grid-e-eletromobilidade-futuregrid-lactec/
Centro de Competência Embrapii em Tecnologias Imersivas (AKCIT – UFG),Centro de Competência Embrapii; Laboratório de pesquisa,GO,Goiânia,-16.6869,-49.2648,otd_cgee,https://embrapii.org.br/centro-competencia/centro-de-competencia-embrapii-em-tecnologias-imersivas-aplicadas-a-mundos-virtuais-akcit-universidade-federal-de-goias/
Centro de Excelência em IA para Energias Renováveis (COPPE/UFRJ),Centro de Pesquisa Aplicada em IA,RJ,Rio de Janeiro,-22.9068,-43.1729,otd_cgee,https://coppe.ufrj.br/planeta-coppe/coppe-sediara-o-centro-de-excelencia-em-inteligencia-artificial-para-energia-renovaveis/
Centro de Excelência em IA para Indústria (SENAI CIMATEC),Centro de Pesquisa Aplicada em IA; Laboratório de pesquisa,BA,Salvador,-12.9777,-38.5016,otd_cgee,https://cpaia.senaicimatec.com.br/
Centro de Excelência em IA para Segurança Cibernética,Centro de Pesquisa Aplicada em IA; Laboratório de pesquisa,PE,Recife,-8.0476,-34.877,otd_cgee,https://portal.cin.ufpe.br/2023/09/11/conheca-o-centro-de-excelencia-em-inteligencia-artificial-para-seguranca-cibernetica-sediados-no-cin-ufpe/
Centro de Inovação da Educação do Amapá,Projeto de capacitação,AP,Macapá,0.0389,-51.0664,otd_cgee,https://www.portal.ap.gov.br/noticia/3103/governo-do-amapa-inaugura-o-centro-de-inovacao-para-imersao-de-profissionais-da-educacao-na-cultura-digital
Centro de Pesquisa em Engenharia Ciência de Dados para a Indústria Inteligente,Centro de Pesquisa Aplicada em IA; Laboratório de pesquisa,SP,São Paulo,-23.5505,-46.6333,otd_cgee,https://obia.nic.br/cdi2
Centro de Treinamento e Desenvolvimento da Indústria 4.0,Projeto de capacitação,MG,Contagem,-19.9319,-44.0536,otd_cgee,https://www.fiemg.com.br/senai/area-de-interesse/inovacao-e-tecnologia/centro-de-treinamento-e-desenvolvimento-da-industria-4-0/
Centro para IA em Gestão de Saúde (ciaGSaúde),Centro de Pesquisa Aplicada em IA; Laboratório de pesquisa,SP,São Paulo,-23.5505,-46.6333,otd_cgee,https://ciagsaude.icmc.usp.br/pt-BR
CEPEDI - Centro de Pesquisas e Desenvolvimento Tecnológico de Ilhéus,Instituto de ciência e tecnologia (ICT),BA,Ilhéus,-14.7889,-39.0494,otd_cgee,https://cepedi.org.br/
CEREIA - Centro de Referência em Inteligência Artificial,Centro de Pesquisa Aplicada em IA; Laboratório de pesquisa,CE,Fortaleza,-3.7172,-38.5433,otd_cgee,https://bv.fapesp.br/pt/auxilios/109947/cereia-centro-de-referencia-em-inteligencia-artificial/
CERTI - Centros de Referência em Tecnologias Inovadoras,Instituto de ciência e tecnologia (ICT); Laboratório de pesquisa; Unidade Embrapii,SC,Florianópolis,-27.5954,-48.548,otd_cgee,https://certi.org.br/
CESAR - Centro de Estudos e Sistemas Avançados do Recife,Instituto de ciência e tecnologia (ICT),PE,Recife,-8.0476,-34.877,otd_cgee,https://www.cesar.org.br/quem-somos
CETID - Centro de Pesquisa Tecnologia e Inovação Digital da Fundação IMED,Instituto de pesquisa,SP,São Paulo,-23.5505,-46.6333,otd_cgee,https://imed.org.br/
CIAAM - Centro de Inteligência Artificial e Aprendizado de Máquina,Laboratório de pesquisa,SP,São Paulo,-23.5505,-46.6333,otd_cgee,https://ciaam.usp.br/pt/
CIAg - Centro de Inovação no Agronegócio,Instituto de ciência e tecnologia (ICT),SP,São Paulo,-23.5505,-46.6333,otd_cgee,https://www.ciag.org.br/
CICS POLI USP - Centro de Inovação em Construção Sustentável,Unidade Embrapii,SP,São Paulo,-23.5505,-46.6333,otd_cgee,https://embrapii.org.br/unidades/unidade-embrapii-de-materiais-para-construcao-ecoeficiente-poli-escola-politecnica-da-universidade-de-sao-paulo/
CIDACS - Centro de Integração de Dados e Conhecimentos para Saúde,Laboratório de pesquisa,BA,Salvador,-12.9777,-38.5016,otd_cgee,https://cidacs.bahia.fiocruz.br/
CIENP - Center for Innovation and Preclinical Testing,Unidade Embrapii,SC,Florianópolis,-27.5954,-48.548,otd_cgee,https://embrapii.org.br/unidades/unidade-embrapii-de-desenvolvimento-de-medicamentos-cienp-centro-de-inovacao-e-ensaios-pre-clinicos/
CIETEC - Centro de Inovação Empreendedorismo e Tecnologia,Hub de inovação,SP,São Paulo,-23.5505,-46.6333,otd_cgee,https://cietec.org.br/
CIIA-Saúde - Centro de Inovação em IA para a Saúde,Centro de Pesquisa Aplicada em IA; Laboratório de pesquisa,MG,Belo Horizonte,-19.9167,-43.9345,otd_cgee,https://bv.fapesp.br/pt/auxilios/110077/centro-de-inovacao-em-inteligencia-artificial-para-a-saude-ciia-saude
CIM/UNIFESP - Centro de Inovação em Materiais,Unidade Embrapii,SP,São José dos Campos,-23.2237,-45.9009,otd_cgee,https://embrapii.org.br/unidades/unidade-embrapii-em-polimeros-e-nanomateriais-cim-unifesp-centro-de-inovacao-em-materiais-da-universidade-federal-de-sao-paulo/
CIN/UFPE - Centro de Informática da UFPE,Unidade Embrapii,PE,Recife,-8.0476,-34.877,otd_cgee,https://embrapii.org.br/unidades/unidade-embrapii-de-tecnologias-e-sistemas-veiculares-cin-ufpe-centro-de-informatica-da-universidade-federal-de-pernambuco/
CITEB - Fundação Centro de Inovação e Tecnologia de Biguaçu,Incubadora; Instituto de ciência e tecnologia (ICT),SC,Biguaçu,-27.4939,-48.6558,otd_cgee,https://www.citeb.com.br/
CiteLab - Laboratório de Pesquisa em Ciência Inovação Tecnologia e Educação,Laboratório de políticas públicas,RJ,Niterói,-22.8833,-43.1036,otd_cgee,https://citelab.uff.br/citelab/
CNPEM - Centro Nacional de Pesquisa em Energia e Materiais,Instituto de pesquisa; Unidade Embrapii,SP,Campinas,-22.9099,-47.0626,otd_cgee,https://cnpem.br/
Conecthus Instituto de Tecnologia e Biotecnologia do Amazonas,Instituto de ciência e tecnologia (ICT),AM,Manaus,-3.119,-60.0217,otd_cgee,https://www.conecthus.org.br/
COPPE/UFRJ - Engenharia de Petróleo e Gás,Unidade Embrapii,RJ,Rio de Janeiro,-22.9068,-43.1729,otd_cgee,https://embrapii.org.br/unidades/unidade-embrapii-de-engenharia-de-petroleo-e-gas-coppe-instituto-alberto-luiz-coimbra-de-pos-graduacao-e-pesquisa-de-engenharia/
CPqD - Centro de Pesquisa e Desenvolvimento em Telecomunicações,Instituto de ciência e tecnologia (ICT); Unidade Embrapii,SP,Campinas,-22.9099,-47.0626,otd_cgee,https://www.cpqd.com.br/
CQMED/UNICAMP - Centro de Química Medicional de Inovação Aberta,Unidade Embrapii,SP,Campinas,-22.9099,-47.0626,otd_cgee,https://embrapii.org.br/unidades/unidade-embrapii-de-biofarmacos-e-farmacos-cqmed-centro-de-quimica-medicinal-de-inovacao-aberta/
Creathus,Instituto de pesquisa,AM,Manaus,-3.119,-60.0217,otd_cgee,https://www.creathus.org.br/
CRIA - Centro de Referência em Inteligência Artificial,Laboratório de pesquisa,CE,Fortaleza,-3.7172,-38.5433,otd_cgee,https://cria.ufc.br/
CRITT - Incubadora do Centro Regional de Inovação e Transferência de Tecnologia,Incubadora,MG,Juiz de Fora,-21.7642,-43.3467,otd_cgee,https://www2.ufjf.br/critt/
CRTM/IFRN - Centro de Tecnologia Mineral,Unidade Embrapii,RN,Currais Novos,-6.2597,-36.5297,otd_cgee,https://embrapii.org.br/unidades/crtm-ifrn/
CTI - Centro de Tecnologia da Informação Renato Archer,Instituto de ciência e tecnologia (ICT); Unidade Embrapii,SP,Campinas,-22.9099,-47.0626,otd_cgee,https://www.gov.br/cti/pt-br
CTIM/UFABC - Grupo de Ciência Tecnologia e Inovação em Materiais,Unidade Embrapii,SP,Santo André,-23.6639,-46.5383,otd_cgee,https://embrapii.org.br/unidades/unidade-embrapii-em-materiais-polimericos-e-funcionais-ctim-ufabc-grupo-de-ciencia-tecnologia-e-inovacao-em-materiais-da-universidade-federal-do-abc/
CTNANO/UFMG,Unidade Embrapii,MG,Belo Horizonte,-19.9167,-43.9345,otd_cgee,https://embrapii.org.br/unidades/unidade-embrapii-de-materiais-avancados-e-nanotecnologia-ctnano-ufmg-centro-de-tecnologia-em-nanomateriais-e-grafeno-da-universidade-federal-de-minas-gerais/
Cubo Itaú,Hub de inovação,SP,São Paulo,-23.5505,-46.6333,otd_cgee,https://cubo.network/?hsLang=pt-br
DCC/UFMG,Unidade Embrapii,MG,Belo Horizonte,-19.9167,-43.9345,otd_cgee,https://embrapii.org.br/unidades/unidade-embrapii-de-software-para-sistemas-ciberfisicos-dcc-departamento-de-ciencia-da-computacao-da-universidade-federal-de-minas-gerais/
DIMEC - Divisão de Metodologias da Computação,Instituto de pesquisa,SP,Campinas,-22.9099,-47.0626,otd_cgee,https://www.gov.br/cti/pt-br/acesso-a-informacao/institucional/unidades-de-competencia-1/divisao-de-metodologias-da-computacao-dimec
E-RENOVA,Unidade Embrapii,SP,Campinas,-22.9099,-47.0626,otd_cgee,https://embrapii.org.br/unidades/unidade-embrapii-e-renova/
EDGE/UFAL,Unidade Embrapii,AL,Maceió,-9.6498,-35.7089,otd_cgee,https://embrapii.org.br/unidades/unidade-embrapii-de-computacao-industrial-edge-ufal-centro-de-inovacao-edge-da-universidade-federal-de-alagoas/
EMBRAPA Agricultura Digital,Instituto de pesquisa,SP,Campinas,-22.9099,-47.0626,otd_cgee,https://www.embrapa.br/agricultura-digital/apresentacao
Embrapa Gado de Corte,Instituto de pesquisa,MS,Campo Grande,-20.4697,-54.6201,otd_cgee,https://www.embrapa.br/gado-de-corte
Embrapa Pantanal,Instituto de pesquisa,MS,Corumbá,-19.0078,-57.6509,otd_cgee,https://www.embrapa.br/pantanal
ESALQ/USP - Escola Superior de Agricultura,Unidade Embrapii,SP,Piracicaba,-22.7253,-47.6492,otd_cgee,https://embrapii.org.br/unidades/esalq-escola-superior-de-agricultura-luiz-de-queiroz/
Espaço 4.0,Laboratório de pesquisa,AL,Rio Negro,-9.7833,-36.6667,otd_cgee,https://integra.ifal.edu.br/portfolio/laboratorios/espaco-4-0-campus-rio-largo
ExACTa,Laboratório de pesquisa,RJ,Rio de Janeiro,-22.9068,-43.1729,otd_cgee,https://www.exacta.inf.puc-rio.br/
FACTI - Fundação de Apoio à Capacitação em TI,Instituto de pesquisa; Projeto de capacitação,SP,Campinas,-22.9099,-47.0626,otd_cgee,https://facti.com.br/
Faculdade de Tecnologia Senac Amazonas,Incubadora; Instituto de ciência e tecnologia (ICT); Laboratório de pesquisa,AM,Manaus,-3.119,-60.0217,otd_cgee,https://faculdade.am.senac.br/
FDTE - Fundação para o Desenvolvimento Tecnológico da Engenharia,Instituto de ciência e tecnologia (ICT),SP,São Paulo,-23.5505,-46.6333,otd_cgee,https://www.fdte.org.br/
FEMEC/UFU - Unidade Embrapii de Tecnologias Metal-Mecânica,Unidade Embrapii,MG,Uberlândia,-18.9186,-48.2772,otd_cgee,https://embrapii.org.br/unidades/femec-faculdade-de-engenharia-mecanica/
FINATEC - Fundação de Empreendimentos Científicos e Tecnológicos,Instituto de pesquisa,DF,Brasília,-15.7801,-47.9292,otd_cgee,https://www.finatec.org.br/
Findeslab,Hub de inovação,ES,Vitória,-20.3155,-40.3128,otd_cgee,https://findeslab.com.br/
FIT Instituto de Tecnologia da Amazônia,Instituto de ciência e tecnologia (ICT),AM,Manaus,-3.119,-60.0217,otd_cgee,https://www.fit-tecnologia.org.br/home
FiTEC - Fundação para Inovações Tecnológicas,Instituto de ciência e tecnologia (ICT); Unidade Embrapii,AM,Manaus,-3.119,-60.0217,otd_cgee,https://www.fitec.org.br/
FMRP/USP,Unidade Embrapii,SP,Ribeirão Preto,-21.1775,-47.8103,otd_cgee,https://embrapii.org.br/unidades/unidade-embrapii-de-descoberta-e-desenvolvimento-de-farmacos/
FPFtech - Fundação Paulo Feitoza,Instituto de ciência e tecnologia (ICT),AM,Manaus,-3.119,-60.0217,otd_cgee,https://fpftech.com/
GEPTSS - Grupo de Estudo e Pesquisa em Trabalho Saúde e Serviço Social,Laboratório de pesquisa,MG,Ouro Branco,-20.5233,-43.69,otd_cgee,https://geptsss.ufop.br/
GESTIC - Núcleo de Excelência em Gestão Inovação Tecnologia e Conhecimento,Laboratório de pesquisa,CE,Fortaleza,-3.7172,-38.5433,otd_cgee,https://gestic.org.br/
GMMSB - Grupo de Modelagem Molecular de Sistemas Biológicos,Laboratório de pesquisa,RJ,Petrópolis,-22.505,-43.1793,otd_cgee,https://www.gmmsb.lncc.br/index.html
GOING - Laboratório de Pesquisas em Políticas Públicas Geografia da Inovação e Governança,Laboratório de políticas públicas,SP,Campinas,-22.9099,-47.0626,otd_cgee,https://portal.ige.unicamp.br/labs/laboratorio-de-pesquisas-em-politicas-publicas-geografia-da-inovacao-e-governanca
GREMLING - Grupo de Estudo e Pesquisa em Machine Learning,Laboratório de pesquisa,MG,Itajubá,-22.4256,-45.4528,otd_cgee,http://dgp.cnpq.br/dgp/espelhogrupo/5988385850247039
GRIDTECH - Instituto Gridtech de Pesquisa e Desenvolvimento,Instituto de ciência e tecnologia (ICT),CE,Fortaleza,-3.7172,-38.5433,otd_cgee,
GRUNA LABS,Laboratório de pesquisa,PI,Teresina,-5.0892,-42.8019,otd_cgee,https://grunalabs-website.vercel.app/
GSCAR - Grupo de Sistemas de Controle e Automação em Robótica,Laboratório de pesquisa,RJ,Rio de Janeiro,-22.9068,-43.1729,otd_cgee,http://www.coep.ufrj.br/gscar/index.html
GT Educação-Catedra Oscar Sala,Laboratório de pesquisa,SP,São Paulo,-23.5505,-46.6333,otd_cgee,https://www.educamaisai.com.br/
H.IAAC Hub de Inteligência Artificial e Arquiteturas Cognitivas,Laboratório de pesquisa,SP,Campinas,-22.9099,-47.0626,otd_cgee,https://hiaac.unicamp.br/about-the-hub/
H2IA - Hub de Inovação em IA (UFPEL),Laboratório de pesquisa,RS,Pelotas,-31.7654,-52.3376,otd_cgee,https://www.ia.ufpel.edu.br/
Habite,Incubadora,TO,Palmas,-10.1689,-48.3317,otd_cgee,https://www.facebook.com/redehabite/
HBR - Instituto Hardware BR,Incubadora; Instituto de ciência e tecnologia (ICT),DF,Brasília,-15.7801,-47.9292,otd_cgee,https://hardware.org.br/
HIT - Health Inovation Techcenter,Laboratório de pesquisa,SP,São Paulo,-23.5505,-46.6333,otd_cgee,https://hit.einstein.br/
Hospital Israelita Albert Einstein (SBIBAE),Hub de inovação; Incubadora; Instituto de ciência e tecnologia (ICT),SP,São Paulo,-23.5505,-46.6333,otd_cgee,https://www.einstein.br/estrutura/inovacao
Hub Roraima Innovation (Agro),Hub de inovação,RR,Boa Vista,2.8235,-60.6758,otd_cgee,https://portal.rr.gov.br/hub-roraima-inovation-transforma-o-agronegocio-com-tecnologia-e-empreendedorismo/
HUB-TEC Sergipe,Hub de inovação,SE,Aracaju,-10.9472,-37.0731,otd_cgee,https://eneva.com.br/nossos-negocios/geracao-de-energia/ute-porto-de-sergipe-i/
Hub.Rio,Laboratório de pesquisa,RJ,Rio de Janeiro,-22.9068,-43.1729,otd_cgee,https://www.parque.ufrj.br/hub-rio-iniciativa-do-ecossistema-de-inovacao-da-ufrj-desenvolve-tecnologias-para-solucionar-desafios-da-transicao-energetica/
IA2PP - Rede de Pesquisa de IA Aplicada às Políticas Públicas,Laboratório de pesquisa,GO,Goiânia,-16.6869,-49.2648,otd_cgee,https://iasaudepublica.com.br/wp-content/uploads/2023/09/REDE-DE-PESQUISA-IA2PP-Inteligencia-Artificial-Aplicada-as-Politicas-Publicas.pdf
IAPROBEM,Instituto Nacional de Ciência e Tecnologia (INCT),SP,São Paulo,-23.5505,-46.6333,otd_cgee,http://portal-adm.cnpq.br/web/guest/chamadas-publicas
IARA - Inteligência Artificial Recriando Ambientes,Centro de Pesquisa Aplicada em IA; Laboratório de pesquisa,SP,São Carlos,-22.0175,-47.8908,otd_cgee,https://bv.fapesp.br/pt/auxilios/111390/iara-inteligencia-artificial-recriando-ambientes/
IBRV - Instituto BRVANT de Pesquisa e Desenvolvimento,Instituto de ciência e tecnologia (ICT),SP,São Paulo,-23.5505,-46.6333,otd_cgee,http://www.brvant.com.br/index.html
IBTCC/INTELI,Instituto de ciência e tecnologia (ICT),SP,São Paulo,-23.5505,-46.6333,otd_cgee,https://www.inteli.edu.br/
ICA - Laboratório de Inteligência Computacional Aplicada,Laboratório de pesquisa,RJ,Rio de Janeiro,-22.9068,-43.1729,otd_cgee,https://ica.ele.puc-rio.br/
ICAPI - Inteligência Computacional Análise e Processamento de Imagens,Instituto de pesquisa,SP,Campinas,-22.9099,-47.0626,otd_cgee,https://www.ime.unicamp.br/pesquisa/grupos/icapi
ICI - Instituto Constanta de Inovação,Instituto de pesquisa,SP,Atibaia,-23.1171,-46.5506,otd_cgee,https://www.institutoconstanta.com.br/
ICMC/USP - Instituto de Ciências Matemáticas e de Computação,Unidade Embrapii,SP,São Carlos,-22.0175,-47.8908,otd_cgee,https://embrapii.org.br/unidades/unidade-embrapii-icmc-usp/
ICTS - Instituto Centro de Tecnologia de Software,Instituto de ciência e tecnologia (ICT),DF,Brasília,-15.7801,-47.9292,otd_cgee,https://www.grupoicts.com.br/
IDOR - Instituto D'Or de Pesquisa e Ensino,Unidade Embrapii,RJ,Rio de Janeiro,-22.9068,-43.1729,otd_cgee,https://embrapii.org.br/unidades/instituto-dor-de-pesquisa-e-ensino-idor/
IESD - Incubadora Empresarial Santos Dumont,Incubadora,PR,Foz de Iguaçu,-25.5478,-54.5882,otd_cgee,https://itaipuparquetec.org.br/
IF GOIANO - Unidade Embrapii de Tecnologias Agroindustriais,Unidade Embrapii,GO,Rio Verde,-17.7975,-50.9264,otd_cgee,https://embrapii.org.br/unidades/unidade-embrapii-de-tecnologias-agroindutriais-if-goiano/
IF SUL DE MINAS - Unidade Embrapii de Agroindústria do Café,Unidade Embrapii,MG,Machado,-21.6733,-45.9222,otd_cgee,https://embrapii.org.br/unidades/ifsuldeminas-instituto-federal-de-educacao-ciencia-e-tecnologia-do-sul-de-minas-gerais/
IFAM - Unidade Embrapii de Tecnologias para Processos de Manufatura,Unidade Embrapii,AM,Manaus,-3.119,-60.0217,otd_cgee,https://embrapii.org.br/unidades/unidade-embrapii-de-tecnologias-para-processos-de-manufatura-ifam-instituto-federal-do-amazonas/
IFBA - Unidade Embrapii de Tecnologias em Saúde,Unidade Embrapii,BA,Salvador,-12.9777,-38.5016,otd_cgee,https://embrapii.org.br/unidades/instituto-federal-da-bahia-ifba/
IFCE - Unidade Embrapii de Sistemas Embarcados e Mobilidade Digital,Unidade Embrapii,CE,Fortaleza,-3.7172,-38.5433,otd_cgee,https://embrapii.org.br/unidades/polo-de-inovacao-fortaleza/
IFG - Unidade Embrapii de Tecnologias Energéticas Industriais,Unidade Embrapii,GO,Goiânia,-16.6869,-49.2648,otd_cgee,https://embrapii.org.br/unidades/unidade-embrapii-de-tecnologias-energeticas-industriais-ifg-instituto-federal-de-goias/
IFMG - Unidade Embrapii de Mobilidade e Sistemas Inteligentes,Unidade Embrapii,MG,Formiga,-20.4653,-45.4267,otd_cgee,https://embrapii.org.br/unidades/unidade-embrapii-de-mobilidade-e-sistemas-inteligentes-ifmg-instituto-federal-de-minas-gerais-formiga/
IFMT Maker FabLab,Laboratório de pesquisa,MT,Cuiabá,-15.6014,-56.0979,otd_cgee,https://ifmt.edu.br/conteudo/noticia/ifmt-maker-fablab-do-campus-cuiaba-octayde-recebe-novos-notebooks/
IFPB - Unidade Embrapii de Sistemas para Manufatura,Unidade Embrapii,PB,João Pessoa,-7.1195,-34.845,otd_cgee,https://embrapii.org.br/unidades/unidade-embrapii-de-sistemas-para-automacao-da-manufatura-if-paraiba/
IFRN - Unidade Embrapii de Tecnologias em Mineração,Unidade Embrapii,RN,Currais Novos,-6.2597,-36.5297,otd_cgee,https://embrapii.org.br/unidades/unidade-embrapii-detecnologias-em-mineracao-centro-de-referencia-em-tecnologia-mineral-do-instituto-federal-do-rio-grande-do-norte/
IFSC - Unidade Embrapii de Sistemas Inteligentes de Energia,Unidade Embrapii,SC,Florianópolis,-27.5954,-48.548,otd_cgee,https://embrapii.org.br/unidades/unidade-embrapii-de-sistemas-inteligentes-de-energia-ifsc-instituto-federal-de-santa-catarina/
IFSP - Unidade Embrapii de Tecnologia e Engenharia de Alimentos,Unidade Embrapii,SP,Matão,-21.6031,-48.3653,otd_cgee,https://embrapii.org.br/unidades/unidade-embrapii-de-tecnologia-e-engenharia-de-alimentos-ifsp-instituto-federal-de-sao-paulo-campus-matao/
IFTM - Unidade Embrapii em Soluções Agroalimentares,Unidade Embrapii,MG,Uberaba,-19.7472,-47.9381,otd_cgee,https://embrapii.org.br/unidades/unidade-embrapii-em-solucoes-agroalimentares-iftm-instituto-federal-de-educacao-ciencia-e-tecnologia-do-triangulo-mineiro/
IIN-ELS - Instituto Internacional de Neurociências Edmond e Lily Safra,Laboratório de pesquisa,RN,Macaíba,-5.8583,-35.3536,otd_cgee,https://institutosantosdumont.org.br/unidade/instituto-neurociencias-iinels/
IIT - Instituto de Inovação Tecnológica,Laboratório de pesquisa,PE,Recife,-8.0476,-34.877,otd_cgee,https://www.upe.br/iit-page.html
IMD - Instituto Metrópole Digital,Unidade Embrapii,RN,Natal,-5.7945,-35.211,otd_cgee,https://www.metropoledigital.ufrn.br/portal/
Inatel,Unidade Embrapii,MG,Santa Rita do Sapucaí,-22.2456,-45.6969,otd_cgee,https://inatel.br/home/
INCIT - Incubadora de Base Tecnológica de Itajubá,Incubadora,MG,Itajubá,-22.4256,-45.4528,otd_cgee,https://incit.com.br
INCOR-HC,Instituto de ciência e tecnologia (ICT),SP,São Paulo,-23.5505,-46.6333,otd_cgee,https://www2.incor.usp.br/sites/incor2024/
INCT Combate à Fome,Instituto Nacional de Ciência e Tecnologia (INCT); Laboratório de pesquisa,SP,São Paulo,-23.5505,-46.6333,otd_cgee,https://www.fsp.usp.br/inct-combate-a-fome/eixos-de-pesquisa/inteligencia-artificial/
INCT Democracia Digital,Instituto Nacional de Ciência e Tecnologia (INCT); Laboratório de pesquisa,BA,Salvador,-12.9777,-38.5016,otd_cgee,https://inctdd.org/institucional/
INCT em IA e Sustentabilidade,Instituto Nacional de Ciência e Tecnologia (INCT); Laboratório de pesquisa,RS,Porto Alegre,-30.0346,-51.2177,otd_cgee,https://www.baguete.com.br/noticias/pucrs-ganhara-instituto-nacional-de-ia-e-sustentabilidade
INCT em IA para Cibersegurança,Instituto Nacional de Ciência e Tecnologia (INCT); Laboratório de pesquisa,MG,Belo Horizonte,-19.9167,-43.9345,otd_cgee,https://dcc.ufmg.br/iaciber/
INCT em Materials Informatics,Instituto Nacional de Ciência e Tecnologia (INCT); Laboratório de pesquisa,SP,Campínas,-22.9099,-47.0626,otd_cgee,https://inct-mi.pesquisa.ufabc.edu.br/projeto-institucional/
INCT Engenharia de Software,Instituto Nacional de Ciência e Tecnologia (INCT); Laboratório de pesquisa,PE,Recife,-8.0476,-34.877,otd_cgee,https://ines.org.br/
INCT IA.Edu,Instituto Nacional de Ciência e Tecnologia (INCT); Laboratório de pesquisa,AL,Maceió,-9.6498,-35.7089,otd_cgee,https://noticias.ufal.br/ufal/noticias/2025/7/ufal-conquista-aprovacao-inedita-de-dois-institutos-nacionais-de-ciencia-e-tecnologia
INCT IAIA,Instituto de pesquisa; Instituto Nacional de Ciência e Tecnologia (INCT),PE,Recife,-8.0476,-34.877,otd_cgee,https://portal.cin.ufpe.br/2022/12/06/instituto-nacional-de-inteligencia-artificial-iaia-e-o-novo-incts-do-cin-ufpe/
INCT IAmazônia,Instituto Nacional de Ciência e Tecnologia (INCT); Laboratório de pesquisa,PA,Belém,-1.4558,-48.4902,otd_cgee,https://ufpa.br/ufpa-aprova-dois-institutos-nacionais-de-ciencia-tecnologia/
INCT InSAC,Instituto Nacional de Ciência e Tecnologia (INCT); Laboratório de pesquisa,SP,São Paulo,-23.5505,-46.6333,otd_cgee,https://insac.eesc.usp.br/o-programa-inct/
INCT Internet do Futuro,Instituto Nacional de Ciência e Tecnologia (INCT); Laboratório de pesquisa,SP,São Paulo,-23.5505,-46.6333,otd_cgee,https://interscity.org/
INCT IQNano,Instituto Nacional de Ciência e Tecnologia (INCT); Laboratório de pesquisa,MG,Belo Horizonte,-19.9167,-43.9345,otd_cgee,https://dcc.ufmg.br/infraestruturas-quantica-e-nano-para-aplicacoes-convergentes/
INCT PICS,Instituto Nacional de Ciência e Tecnologia (INCT),SP,Ribeirão Preto,-21.1775,-47.8103,otd_cgee,https://sites.usp.br/fisica/
INCT Redes de Comunicação e IoT,Instituto Nacional de Ciência e Tecnologia (INCT); Laboratório de pesquisa,SP,Campinas,-22.9099,-47.0626,otd_cgee,https://iconiot.ic.unicamp.br/
INCT Sensoriamento Remoto e Vigilância,Instituto Nacional de Ciência e Tecnologia (INCT); Laboratório de pesquisa,CE,Fortaleza,-3.7172,-38.5433,otd_cgee,https://inct-signals.org/
INCT Stream,Instituto Nacional de Ciência e Tecnologia (INCT); Laboratório de pesquisa,PA,Belém,-1.4558,-48.4902,otd_cgee,https://ufpa.br/ufpa-aprova-dois-institutos-nacionais-de-ciencia-tecnologia/
INCT TEC CIS 4.0,Laboratório de pesquisa,PE,Recife,-8.0476,-34.877,otd_cgee,https://www.ufpe.br/agencia/noticias/
INCT TILD-IAR,Instituto Nacional de Ciência e Tecnologia (INCT); Laboratório de pesquisa,MG,Belo Horizonte,-19.9167,-43.9345,otd_cgee,https://dcc.ufmg.br/tild-iar/
INCT-NAMITEC,Instituto Nacional de Ciência e Tecnologia (INCT); Laboratório de pesquisa,SP,Campinas,-22.9099,-47.0626,otd_cgee,https://namitec.org.br/
Incubac,Incubadora,AC,Rio Branco,-9.9754,-67.8249,otd_cgee,https://web.ifac.edu.br/incubac/
Incubadora de Empresas da Associação Parque Tecnológico de São José dos Campos,Incubadora,SP,São José dos Campos,-23.2237,-45.9009,otd_cgee,https://pitsjc.org.br/institucional/
Incubadora de Empresas do IFCE,Incubadora,CE,Fortaleza,-3.7172,-38.5433,otd_cgee,https://ifce.edu.br/fortaleza/incubadora
INCUBADORA METRÓPOLE,Incubadora,RN,Natal,-5.7945,-35.211,otd_cgee,https://metropoleparque.imd.ufrn.br/parque/
Incubadora Tecnológica Municipal de Campo Grande,Incubadora,MS,Cuiabá,-15.6014,-56.0979,otd_cgee,https://www.linkedin.com/company/incubadora-tecnol-gica-de-campo-grande-ms/
INCUBAL - Incubadora de Empresas de Alagoas,Incubadora,AL,Maceió,-9.6498,-35.7089,otd_cgee,https://ufal.br/ufal/pesquisa-e-inovacao/empreendedorismo/incubadoras/incubadora-de-empresas-de-alagoas-incubal/sobre-a-incubal
INDT - Instituto de Desenvolvimento Tecnológico,Instituto de ciência e tecnologia (ICT); Unidade Embrapii,AM,Manaus,-3.119,-60.0217,otd_cgee,https://indt.org.br/
INES - Instituto Nacional para Engenharia de Software,Laboratório de pesquisa,PE,Recife,-8.0476,-34.877,otd_cgee,https://ines.org.br/
INES.IA,Instituto Nacional de Ciência e Tecnologia (INCT),PE,Recife,-8.0476,-34.877,otd_cgee,https://www.gov.br/cnpq/pt-br/assuntos/noticias/cnpq-em-acao/
INETI - Incubadora de Empresas de Base Tecnológica de Ilhéus,Incubadora,BA,Ilhéus,-14.7889,-39.0494,otd_cgee,https://ineti.org.br/
INF-GHAIA,Laboratório de pesquisa,RS,Porto Alegre,-30.0346,-51.2177,otd_cgee,https://www.inf.ufrgs.br/site/
INMETRO - DMTIC,Instituto de pesquisa,DF,Brasília,-15.7801,-47.9292,otd_cgee,https://www.gov.br/inmetro/pt-br/centrais-de-conteudo/noticias/inmetro-e-credenciado-para-realizar-projetos-em-parceria-com-empresas-de-tecnologia-da-informacao
Inova - Polo de Inovação IFAM,Unidade Embrapii,AM,Manaus,-3.119,-60.0217,otd_cgee,https://inova.ifam.edu.br/
INOVA AGRO/UFPEL,Unidade Embrapii,RS,Pelotas,-31.7654,-52.3376,otd_cgee,https://embrapii.org.br/unidades/unidade-embrapii-de-tecnologias-para-agricultura-inovaagro-ufpel/
Inova UPE,Laboratório de inovação,PE,Recife,-8.0476,-34.877,otd_cgee,https://inova.upe.br/
Inovato - Agência de Inovação da UFT,Hub de inovação,TO,Palmas,-10.1689,-48.3317,otd_cgee,https://www.uft.edu.br/inovacao/sobre-a-inovato
INOVAUSP,Instituto de pesquisa,SP,São Paulo,-23.5505,-46.6333,otd_cgee,https://inova.usp.br/
INOVISAO,Laboratório de pesquisa,MS,Campo Grande,-20.4697,-54.6201,otd_cgee,https://inovisao.weebly.com/
INPE - Instituto Nacional de Pesquisas Espaciais,Instituto de ciência e tecnologia (ICT),SP,São José dos Campos,-23.2237,-45.9009,otd_cgee,https://www.gov.br/inpe/pt-br
INRAD-HC,Instituto de ciência e tecnologia (ICT),SP,São Paulo,-23.5505,-46.6333,otd_cgee,https://inovahc.hc.fm.usp.br/
INRI/UFSM,Unidade Embrapii,RS,Santa Maria,-29.6842,-53.8069,otd_cgee,https://embrapii.org.br/unidades/unidade-embrapii-em-recursos-energeticos-distribuidosinri-ufsm-instituto-de-redes-inteligentes-da-universidade-federal-de-santa-maria/
Instituto Atlântico,Instituto de ciência e tecnologia (ICT); Unidade Embrapii,CE,Fortaleza,-3.7172,-38.5433,otd_cgee,https://www.atlantico.com.br/
Instituto Brasília de Tecnologia e Inovação,Instituto de pesquisa,DF,Brasília,-15.7801,-47.9292,otd_cgee,https://iot-labs.io/portfolio/centro-de-referencia-ibti-instituto-brasilia-de-tecnologia-e-inovacao/
Instituto Capixaba de Ensino Pesquisa e Inovação em Saúde,Instituto de ciência e tecnologia (ICT),ES,Vitória,-20.3155,-40.3128,otd_cgee,https://icepi.es.gov.br/
Instituto Certi Amazônia,Instituto de pesquisa,AM,Manaus,-3.119,-60.0217,otd_cgee,https://certiamazonia.org.br/
Instituto Certi Sapientia,Instituto de ciência e tecnologia (ICT),DF,Brasília,-15.7801,-47.9292,otd_cgee,https://certisapientia.org.br/
Instituto de Integração Brasileira de Inovação (IBBI),Instituto de ciência e tecnologia (ICT),AM,Manaus,-3.119,-60.0217,otd_cgee,https://www.ibbi.org.br
Instituto de Inteligência Computacional Aplicada - I²CA,Instituto de pesquisa,ES,Vitória,-20.3155,-40.3128,otd_cgee,http://i2ca.ai/
Instituto de Pesquisa Eldorado,Instituto de ciência e tecnologia (ICT); Unidade Embrapii,AM,Manaus,-3.119,-60.0217,otd_cgee,https://www.eldorado.org.br/
Instituto de Tecnologia e Inovação Evereste,Instituto de pesquisa,AM,Manaus,-3.119,-60.0217,otd_cgee,https://www.evereste.org.br/
Instituto Fab Lab Brasil,Laboratório de fabricação digital,SP,São Paulo,-23.5505,-46.6333,otd_cgee,https://institutofablabbrasil.org/
Instituto Inovathus,Instituto de pesquisa,AM,Manaus,-3.119,-60.0217,otd_cgee,https://inovathus.org.br/
Instituto Iracema de Pesquisa e Inovação,Instituto de ciência e tecnologia (ICT),CE,Fortaleza,-3.7172,-38.5433,otd_cgee,https://institutoiracema.org.br/
Instituto Itaú de Ciência Tecnologia e Inovação,Instituto de ciência e tecnologia (ICT),SP,São Paulo,-23.5505,-46.6333,otd_cgee,https://www.icti.org.br/quem-somos/o-instituto/
Instituto Kódigos de Tecnologia,Instituto de pesquisa,AM,Manaus,-3.119,-60.0217,otd_cgee,https://www.kodigos.com.br/
Instituto Nacional de Patologia Molecular e Computacional,Instituto Nacional de Ciência e Tecnologia (INCT),BA,Salvador,-12.9777,-38.5016,otd_cgee,https://www.bahia.fiocruz.br/institutos-nacionais-de-ciencia-e-tecnologia-vinculados-a-fiocruz-bahia-sao-aprovados-em-chamada-do-cnpq/
Instituto Scinet,Instituto de ciência e tecnologia (ICT),PE,Recife,-8.0476,-34.877,otd_cgee,https://scinetinstitute.com/quem-somos/
Instituto SENAI de Inovação em Biomassa,Unidade Embrapii,MS,Três Lagoas,-20.7897,-51.7025,otd_cgee,http://senaiisibiomassa.com.br/
INT - Unidade Embrapii de Tecnologia Química Industrial,Unidade Embrapii,RJ,Rio de Janeiro,-22.9068,-43.1729,otd_cgee,https://embrapii.org.br/unidades/unidade-embrapii-de-tecnologia-quimica-industrial-int-instituto-nacional-de-tecnologia/
Intec - Incubadora Tecnológica do Tecpar,Incubadora,PR,Curitiba,-25.4284,-49.2733,otd_cgee,https://www.tecpar.br/Pagina/Incubadora-Tecnologica-do-Tecpar-Intec
IoT Labs,Hub de inovação,SP,São Paulo,-23.5505,-46.6333,otd_cgee,https://iot-labs.io/
IP.rec,Laboratório de pesquisa,PE,Recife,-8.0476,-34.877,otd_cgee,https://ip.rec.br/
IPDEC,Instituto de pesquisa,AM,Manaus,-3.119,-60.0217,otd_cgee,https://ipdec.org/
IPT - Instituto de Pesquisas Tecnológicas,Instituto de ciência e tecnologia (ICT); Instituto de pesquisa,SP,São Paulo,-23.5505,-46.6333,otd_cgee,https://ipt.br/
IPT BIO,Unidade Embrapii,SP,São Paulo,-23.5505,-46.6333,otd_cgee,https://embrapii.org.br/unidades/unidade-embrapii-de-desenvolvimento-e-escalonamento-de-processos-biotecnologicos-ipt-bio-instituto-de-pesquisas-tecnologicas/
IPT MATERIAIS,Unidade Embrapii,SP,São Paulo,-23.5505,-46.6333,otd_cgee,https://embrapii.org.br/unidades/unidade-embrapii-de-materiais-alto-desempenho-ipt-mat-instituto-de-pesquisas-tecnologicas/
IQSINT/USP,Unidade Embrapii,SP,São Paulo,-23.5505,-46.6333,otd_cgee,https://embrapii.org.br/unidades/iqsint-usp/
IREDE,Instituto de ciência e tecnologia (ICT),CE,Fortaleza,-3.7172,-38.5433,otd_cgee,https://irede.org.br/#/
IRIS - Instituto de Referência em Internet e Sociedade,Laboratório de políticas públicas,MG,Belo Horizonte,-19.9167,-43.9345,otd_cgee,https://irisbh.com.br/sobre-o-iris/
IRT - Instituto Recôncavo de Tecnologia,Instituto de ciência e tecnologia (ICT),BA,Salvador,-12.9777,-38.5016,otd_cgee,https://www.reconcavo.org.br/
ISI BIOSSINTÉTICOS E FIBRAS,Unidade Embrapii,RJ,Rio de Janeiro,-22.9068,-43.1729,otd_cgee,https://embrapii.org.br/unidades/unidade-embrapii-de-inovacao-em-biossinteticos-fibras-e-intensificacao-de-processos-quimicos-isi-biossinteticos-e-fibras-instituto-senai-de-inovacao-em-biossinteticos-e-fibras/
ISI ELETROQUÍMICA,Unidade Embrapii,PR,Curitiba,-25.4284,-49.2733,otd_cgee,https://embrapii.org.br/unidades/instituto-senai-de-inovacao-em-eletroquimica/
ISI EMBARCADOS,Unidade Embrapii,SC,Florianópolis,-27.5954,-48.548,otd_cgee,https://embrapii.org.br/unidades/unidade-embrapii-de-sistemas-embarcados-e-mobilidade-digital-isi-embarcados-instituto-senai-de-inovacao-em-sistemas-embarcados/
ISI ENGENHARIA DE ESTRUTURAS,Unidade Embrapii,PR,Maringá,-23.4205,-51.9331,otd_cgee,https://embrapii.org.br/unidades/isi-engenharia-de-estruturas/
ISI LASER,Unidade Embrapii,SC,Joinville,-26.3044,-48.8461,otd_cgee,https://embrapii.org.br/unidades/unidade-embrapii-de-manufatura-a-laser-isi-laser-instituo-senai-de-inovacao-em-laser/
ISI LIGAS ESPECIAIS,Unidade Embrapii,MG,Belo Horizonte,-19.9167,-43.9345,otd_cgee,https://embrapii.org.br/unidades/unidade-embrapii-de-metalurgia-e-materiais-isi-mle-instituto-senai-de-inovacao-em-metalurgia-e-ligas-especiais/
ISI POLÍMEROS,Unidade Embrapii,RS,São Leopoldo,-29.7604,-51.147,otd_cgee,https://embrapii.org.br/unidades/unidade-embrapii-de-polimeros-isi-polimeros-instituto-senai-de-inovacao-em-engenharia-de-polimeros/
ISI QUÍMICA VERDE,Unidade Embrapii,RJ,Rio de Janeiro,-22.9068,-43.1729,otd_cgee,https://embrapii.org.br/unidades/unidade-embrapii-de-tecnologias-em-quimica-verde-isi-quimica-verde/
ISI SENSORIAMENTO,Unidade Embrapii,RS,São Leopoldo,-29.7604,-51.147,otd_cgee,https://embrapii.org.br/unidades/unidade-embrapii-de-sistemas-de-sensoriamento-isi-sensoriamento-instituto-senai-de-inovacao-em-solucoes-integradas-em-metalmecanica/
ISI TICS,Unidade Embrapii,PE,Recife,-8.0476,-34.877,otd_cgee,https://embrapii.org.br/unidades/isi-tics/
ITAIPU PARQUETEC,Instituto de ciência e tecnologia (ICT),PR,Foz do Iguaçu,-25.5478,-54.5882,otd_cgee,https://www.itaipuparquetec.org.br/
ITCG,Incubadora,PB,Campina Grande,-7.2306,-35.8811,otd_cgee,https://paqtc.org.br/noticia.php?noticia=307
ITEAM,Instituto de pesquisa,AM,Manaus,-3.119,-60.0217,otd_cgee,https://www.iteam.org.br/
iTec/FURG,Unidade Embrapii,RS,Rio Grande,-32.035,-52.0986,otd_cgee,https://itecfurg.org/
iTech,Instituto de ciência e tecnologia (ICT),SP,São Paulo,-23.5505,-46.6333,otd_cgee,https://pt.itech.org.br/
ITECH AGRO - EMBRAPA,Unidade Embrapii,SP,São Carlos,-22.0175,-47.8908,otd_cgee,https://embrapii.org.br/unidades/unidade-embrapii-itech-agro-embrapa/
ITECPB,Incubadora,PR,Pato Branco,-26.2287,-52.6706,otd_cgee,https://patobranco.tec.br/itecpb
ITEGAM,Instituto de pesquisa,AM,Manaus,-3.119,-60.0217,otd_cgee,https://itegam.org.br/
ITEMM,Instituto de ciência e tecnologia (ICT),PE,Recife,-8.0476,-34.877,otd_cgee,https://www.itemm.org.br/conheca-o-itemm/
ITNC,Incubadora,RN,Natal,-5.7945,-35.211,otd_cgee,https://www2.ifrn.edu.br/itnc/itnc2/
iTRIAD,Instituto de pesquisa,AM,Manaus,-3.119,-60.0217,otd_cgee,https://www.itriad.org.br/
ITS - Instituto de Tecnologia e Sociedade,Laboratório de pesquisa,RJ,Rio de Janeiro,-22.9068,-43.1729,otd_cgee,https://itsrio.org/pt/home/
Kunumi,Instituto de pesquisa,MG,Belo Horizonte,-19.9167,-43.9345,otd_cgee,https://www.kunumi.com/br
L-ESG,Instituto de pesquisa,AM,Manaus,-3.119,-60.0217,otd_cgee,https://certiamazonia.org.br/
Labcrie,Projeto de capacitação,MS,Campo Grande,-20.4697,-54.6201,otd_cgee,https://labcrie.ufms.br/
LABDAPS,Laboratório de pesquisa,SP,São Paulo,-23.5505,-46.6333,otd_cgee,https://www.fsp.usp.br/labdaps/
LABDIS,Laboratório de pesquisa,SP,São Paulo,-23.5505,-46.6333,otd_cgee,https://www.sp.unifesp.br/epm/noticias/labdis
LABES 2,Laboratório de pesquisa,BA,Salvador,-12.9777,-38.5016,otd_cgee,https://parquetecnologico-ba.org.br/laboratorios-e-projetos/
Labfaber,Laboratório de pesquisa,SC,Florianópolis,-27.5954,-48.548,otd_cgee,https://labfaber.certi.org.br/
LabMaker Multidisciplinar,Laboratório de pesquisa,MG,Juiz de Fora,-21.7642,-43.3467,otd_cgee,https://www2.ufjf.br/labmaker/
LABOR - Laboratório de Robótica e Automação Industrial,Laboratório de pesquisa,CE,Fortaleza,-3.7172,-38.5433,otd_cgee,https://www.nutec.ce.gov.br/servicos/labor/
Laboratório Aberto SENAI FIEMG,Laboratório de fabricação digital,MG,Belo Horizonte,-19.9167,-43.9345,otd_cgee,https://www.fiemg.com.br/senai/area-de-interesse/inovacao-e-tecnologia/laboratorio-aberto/
Laboratório de Ótica Quântica - IF/UFRJ,Laboratório de pesquisa,RJ,Rio de Janeiro,-22.9068,-43.1729,otd_cgee,https://www.if.ufrj.br/laboratorios/oticaquantica/
Laboratório de Tecnologias e Inovações Quântica,Laboratório de pesquisa,AM,Manaus,-3.119,-60.0217,otd_cgee,https://i9brasil.com.br/uea-tera-o-primeiro-laboratorio-de-tecnologias-quanticas-no-norte/
Laboratório de Telemática,Laboratório de pesquisa,TO,Palmas,-10.1689,-48.3317,otd_cgee,
Laboratório MidiaCom,Laboratório de pesquisa,RJ,Niterói,-22.8833,-43.1036,otd_cgee,http://www.midiacom.uff.br
LabTel – UFES,Laboratório de pesquisa,ES,Vitória,-20.3155,-40.3128,otd_cgee,https://labtelufes.ufes.br/
LAMEF/UFRGS,Unidade Embrapii,RS,Porto Alegre,-30.0346,-51.2177,otd_cgee,https://embrapii.org.br/unidades/unidade-embrapii-de-integridade-estrutural-lamef-laboratorio-de-metalurgia-fisica-da-universidade-federal-do-rio-grande-do-sul/
LAPIA,Laboratório de pesquisa,RS,Alegrete,-29.7833,-55.7911,otd_cgee,https://sites.unipampa.edu.br/lapia/introducao/
LAPIAM,Laboratório de pesquisa,AM,Manaus,-3.119,-60.0217,otd_cgee,https://lapiam.github.io/
LAPIN,Laboratório de políticas públicas,DF,Brasília,-15.7801,-47.9292,otd_cgee,https://lapin.org.br/
LApIS,Laboratório de pesquisa,SP,São Paulo,-23.5505,-46.6333,otd_cgee,https://lapis.each.usp.br/pt/
LAPIS - Laboratório de Inovação e dos ODS,Laboratório de inovação; Laboratório de políticas públicas,AC,Rio Branco,-9.9754,-67.8249,otd_cgee,https://www.tjac.jus.br/adm/lapiz/
LAPPACS,Laboratório de políticas públicas,RS,Porto Alegre,-30.0346,-51.2177,otd_cgee,https://www.ufrgs.br/lappacs/
LARA - Laboratório de Automação e Robótica,Laboratório de pesquisa,DF,Brasília,-15.7801,-47.9292,otd_cgee,
LARIISA,Laboratório de pesquisa,CE,Fortaleza,-3.7172,-38.5433,otd_cgee,https://lariisasaudedigital.com/
LCAD - Laboratório de Computação de Alto Desempenho,Laboratório de pesquisa,ES,Vitória,-20.3155,-40.3128,otd_cgee,https://www.lcad.inf.ufes.br/
LESC - Laboratório de Engenharia de Sistemas de Computação,Unidade Embrapii,CE,Fortaleza,-3.7172,-38.5433,otd_cgee,https://embrapii.org.br/unidades/sistemas-embarcados-complexos-lesc-ufc/
LICTS,Laboratório de políticas públicas,RJ,Rio de Janeiro,-22.9068,-43.1729,otd_cgee,https://www.icict.fiocruz.br/content/laboratorio-de-informacao-cientifica-e-tecnologica-em-saude-licts
LIneA,Laboratório de pesquisa,RJ,Rio de Janeiro,-22.9068,-43.1729,otd_cgee,https://www.linea.org.br/
LIS - Laboratório de Informação em Saúde,Laboratório de pesquisa,RJ,Rio de Janeiro,-22.9068,-43.1729,otd_cgee,https://relatorioatividades.icict.fiocruz.br/
LISTEC,Instituto de ciência e tecnologia (ICT),BA,Ilhéus,-14.7889,-39.0494,otd_cgee,https://listec.org/
Living Lab MS,Laboratório de inovação,MS,Campo Grande,-20.4697,-54.6201,otd_cgee,https://www.livinglabms.com.br/
LNCC - Laboratório Nacional de Computação Científica,Instituto de pesquisa,RJ,Petrópolis,-22.505,-43.1793,otd_cgee,https://www.gov.br/lncc/pt-br
LogIA,Laboratório de pesquisa,CE,Fortaleza,-3.7172,-38.5433,otd_cgee,https://www.lia.ufc.br/~logia/
LSI - Laboratório de Sistemas Inteligentes,Laboratório de pesquisa,AM,Manaus,-3.119,-60.0217,otd_cgee,https://pnipe.mcti.gov.br/laboratory/2268
MentorApp,Laboratório de pesquisa,RJ,Petrópolis,-22.505,-43.1793,otd_cgee,https://mentorapp.com.br/
MIDITEC,Incubadora,SC,Florianópolis,-27.5954,-48.548,otd_cgee,https://miditec.com.br/
Mosaic AI,Laboratório de pesquisa,SC,Florianópolis,-27.5954,-48.548,otd_cgee,https://mosaicai.com.br/
MOVE/UFSC,Unidade Embrapii,SC,Florianópolis,-27.5954,-48.548,otd_cgee,https://move.ufsc.br/
Multincubadora CDT/UNB,Incubadora,DF,Brasília,-15.7801,-47.9292,otd_cgee,https://www.cdt.unb.br/pt-br/empreendedorismo/incubacao
N.A.V.E Tech Acre,Projeto de capacitação,AC,Rio Branco,-9.9754,-67.8249,otd_cgee,https://www.ufac.br/nave
NEPEN,Instituto de ciência e tecnologia (ICT),CE,Fortaleza,-3.7172,-38.5433,otd_cgee,https://www.nepen.org.br/index.php
NIT-FCR,Laboratório de pesquisa,RO,Porto Velho,-8.7619,-63.9039,otd_cgee,https://fcr.edu.br/
NUPEN,Instituto de ciência e tecnologia (ICT),SP,São Carlos,-22.0175,-47.8908,otd_cgee,https://nupen.org.br/o-nupen
NUTEC,Incubadora; Instituto de ciência e tecnologia (ICT); Laboratório de pesquisa,CE,Fortaleza,-3.7172,-38.5433,otd_cgee,https://www.nutec.ce.gov.br/
NUTES (UEPB),Laboratório de pesquisa; Unidade Embrapii,PB,Campina Grande,-7.2306,-35.8811,otd_cgee,https://nutes.uepb.edu.br/
NUTES (UFPE),Laboratório de pesquisa,PE,Recife,-8.0476,-34.877,otd_cgee,https://nutes.ufpe.br/quem-somos/
O Panóptico,Laboratório de políticas públicas,SP,São Paulo,-23.5505,-46.6333,otd_cgee,https://www.opanoptico.com.br/#mapa
Observatório da Indústria SENAI CEARÁ,Instituto de ciência e tecnologia (ICT),CE,Fortaleza,-3.7172,-38.5433,otd_cgee,http://www.observatorio.ind.br
Odisseia,Laboratório de pesquisa,DF,Brasília,-15.7801,-47.9292,otd_cgee,https://bioeticaediplomacia.org/odisseia/
Olabi,Laboratório de fabricação digital,RJ,Rio de Janeiro,-22.9068,-43.1729,otd_cgee,https://olabi.org.br/
OpenTech - Incubadora IPT,Incubadora; Instituto de ciência e tecnologia (ICT),SP,São Paulo,-23.5505,-46.6333,otd_cgee,https://iptopen.ipt.br/opentech/
OTDSP,Laboratório de pesquisa,SP,São Paulo,-23.5505,-46.6333,otd_cgee,https://inova.usp.br/noticias/lancamento-do-observatorio-de-transformacao-digital-do-estado-de-sao-paulo/
Pai D'Égua,Laboratório de inovação,PA,Belém,-1.4558,-48.4902,otd_cgee,https://www.tjpa.jus.br/PortalExterno/hotsite/lab-paidegua/index.xhtml
PaqTcPB,Instituto de ciência e tecnologia (ICT),PB,Campina Grande,-7.2306,-35.8811,otd_cgee,https://www.paqtc.org.br/index.php
Parktec CG,Parque tecnológico,MS,Campo Grande,-20.4697,-54.6201,otd_cgee,https://www.campogrande.ms.gov.br/
Parque de Ciência e Tecnologia Guamá,Parque tecnológico,PA,Belém,-1.4558,-48.4902,otd_cgee,https://www.pctguama.org.br/
Parque de Software de Curitiba,Parque tecnológico,PR,Curitiba,-25.4284,-49.2733,otd_cgee,https://www.parquedesoftware.com.br/
Parque Tecnológico Agroalimentar de Alagoas,Parque tecnológico,AL,Arapiraca,-9.7495,-36.6614,otd_cgee,
Parque Tecnológico Cidade da Inovação,Parque tecnológico,ES,Vitória,-20.3155,-40.3128,otd_cgee,https://www.ifes.edu.br/noticias/21858-ifes-tera-parque-tecnologico-na-cidade-da-inovacao
Parque Tecnológico de Pato Branco,Parque tecnológico,PR,Pato Branco,-26.2287,-52.6706,otd_cgee,https://patobranco.tec.br/
Parque Tecnológico de Teresina,Parque tecnológico,PI,Teresina,-5.0892,-42.8019,otd_cgee,https://www.fapepi.pi.gov.br/
Parque Tecnológico do Amapá,Parque tecnológico,AP,Macapá,0.0389,-51.0664,otd_cgee,https://www.gov.br/suframa/pt-br/assuntos/noticias/
Parque Tecnológico e de Inovação de Campo Grande,Parque tecnológico,MS,Campo Grande,-20.4697,-54.6201,otd_cgee,https://www.campogrande.ms.gov.br/
Parque Tecnológico Mato Grosso,Parque tecnológico,MT,Várzea Grande,-15.6467,-56.1325,otd_cgee,https://www.secitec.mt.gov.br/parque-tecnologico-mt
PEQUI,Parque tecnológico,TO,Palmas,-10.1689,-48.3317,otd_cgee,https://www.uft.edu.br/inovacao/pequi
Piauí Instituto de Tecnologia (PIT),Laboratório de pesquisa,PI,Teresina,-5.0892,-42.8019,otd_cgee,https://www.pit.pi.gov.br/
PIS - Polo de Inovação Salvador IFBA,Unidade Embrapii,BA,Salvador,-12.9777,-38.5016,otd_cgee,https://parquetecnologico-ba.org.br/laboratorios-e-projetos/
Plataforma IASMIN,Centro de Pesquisa Aplicada em IA; Laboratório de pesquisa,SP,São Paulo,-23.5505,-46.6333,otd_cgee,https://plataformaiasmin.org.br/Home/Index
POALAB,Laboratório de fabricação digital,RS,Porto Alegre,-30.0346,-51.2177,otd_cgee,https://www.poalab.net.br/
Pólen,Laboratório de políticas públicas,RJ,Rio de Janeiro,-22.9068,-43.1729,otd_cgee,https://portal.fiocruz.br/polen-laboratorio-de-inovacao-em-gestao-publica
POLI/USP POWERTRAIN,Unidade Embrapii,SP,São Paulo,-23.5505,-46.6333,otd_cgee,https://www.poli.usp.br/poli-usp-powertrain
Polo de Inovação Campos dos Goytacazes,Instituto de pesquisa,RJ,Campos dos Goytacazes,-21.7545,-41.3244,otd_cgee,https://portal1.iff.edu.br/
Polo de Inovação Fortaleza,Unidade Embrapii,CE,Fortaleza,-3.7172,-38.5433,otd_cgee,https://embrapii.org.br/unidades/sistemas-embarcados-e-inteligencia-artificial-if-ce/
POLO/UFSC,Unidade Embrapii,SC,Florianópolis,-27.5954,-48.548,otd_cgee,https://embrapii.org.br/unidades/polo-laboratorios-de-pesquisa-em-refrigeracao-e-termofisica-ufsc/
Porto Digital,Parque tecnológico,PE,Recife,-8.0476,-34.877,otd_cgee,https://www.portodigital.org/
PRAIA Educação,Centro de Pesquisa Aplicada em IA; Laboratório de pesquisa,PE,Recife,-8.0476,-34.877,otd_cgee,https://portal.cin.ufpe.br/
PRODABEL,Instituto de pesquisa,MG,Belo Horizonte,-19.9167,-43.9345,otd_cgee,https://prefeitura.pbh.gov.br/prodabel
PROMEXBIO - CETEM,Unidade Embrapii,RJ,Rio de Janeiro,-22.9068,-43.1729,otd_cgee,https://embrapii.org.br/unidades/promexbio-cetem/
RAIES,Laboratório de pesquisa,RS,Porto Alegre,-30.0346,-51.2177,otd_cgee,https://raies.org/
RNP - DPD,Instituto de ciência e tecnologia (ICT),RJ,Rio de Janeiro,-22.9068,-43.1729,otd_cgee,https://www.rnp.br/
Sapiens Parque,Parque tecnológico,SC,Florianópolis,-27.5954,-48.548,otd_cgee,http://sapiensparque.sc.gov.br/
SBC - Sociedade Brasileira de Computação,Laboratório de pesquisa,RS,Porto Alegre,-30.0346,-51.2177,otd_cgee,https://www.sbc.org.br/
SENAI CIMATEC,Unidade Embrapii,BA,Salvador,-12.9777,-38.5016,otd_cgee,https://embrapii.org.br/unidades/unidade-embrapii-de-manufatura-integrada-senai-cimatec-instituicao-cientifica-e-tecnologica/
SENAI Hub MatoGrosso,Hub de inovação,MT,Cuiabá,-15.6014,-56.0979,otd_cgee,https://institutosenaimt.ind.br/inovacao/2288/ist-tech-hub
SENAI HUB/AC,Hub de inovação,AC,Rio Branco,-9.9754,-67.8249,otd_cgee,https://www.senaiac.org.br/imprensa/noticias/906-senai-hub-inovacao-e-tecnologia-e-inaugurado-no-acre.html
SENAI/SP - Materiais Sustentáveis,Unidade Embrapii,SP,São Bernardo do Campo,-23.6944,-46.5654,otd_cgee,https://embrapii.org.br/unidades/unidade-embrapii-de-tecnologia-de-materiais-sustentaveis-senai-sp-materiais-avancados/
SergipeTec,Parque tecnológico,SE,São Cristóvão,-11.0147,-37.2064,otd_cgee,https://sergipetec.org.br/
SiDi,Instituto de ciência e tecnologia (ICT),AM,Manaus,-3.119,-60.0217,otd_cgee,https://www.sidi.org.br/
Sidia,Instituto de ciência e tecnologia (ICT),AM,Manaus,-3.119,-60.0217,otd_cgee,https://sidia.com/
SIMOB/UFRGS,Unidade Embrapii,RS,Porto Alegre,-30.0346,-51.2177,otd_cgee,https://embrapii.org.br/unidades/unidade-embrapii-de-mobilidade-sistemas-inteligentes-de-mobilidade-da-universidade-federal-do-rio-grande-do-sul-simob-ufrgs/
SMT,Laboratório de pesquisa,RJ,Rio de Janeiro,-22.9068,-43.1729,otd_cgee,https://www.smt.ufrj.br/index.php/pt/
SOFTEX,Incubadora; Instituto de pesquisa,DF,Brasília,-15.7801,-47.9292,otd_cgee,https://softex.br/
Softex Recife,Instituto de ciência e tecnologia (ICT),PE,Recife,-8.0476,-34.877,otd_cgee,https://fap.softexrecife.org.br/
SOFTSUL,Instituto de ciência e tecnologia (ICT),RS,Porto Alegre,-30.0346,-51.2177,otd_cgee,https://www.softsul.org.br/
SUPERA,Incubadora,SP,Ribeirão Preto,-21.1775,-47.8103,otd_cgee,https://superaparque.com.br/supera-incubadora/
TECNOGREEN/USP,Unidade Embrapii,SP,São Paulo,-23.5505,-46.6333,otd_cgee,https://embrapii.org.br/unidades/unidade-embrapii-de-quimica-verde-tecnogreen-poli-usp/
TECNOMAT,Laboratório de pesquisa,PB,João Pessoa,-7.1195,-34.845,otd_cgee,https://www.ufpb.br/idep/contents/menu/laboratorios-idep-ufpb/laboratorio-de-tecnologia-de-novos-materiais-tcnomat
Tecnopuc,Parque tecnológico,RS,Porto Alegre,-30.0346,-51.2177,otd_cgee,https://tecnopuc.pucrs.br/
Tecpar,Instituto de pesquisa,PR,Curitiba,-25.4284,-49.2733,otd_cgee,https://www.tecpar.br/
TecVitória,Incubadora,ES,Vitória,-20.3155,-40.3128,otd_cgee,https://tecvitoria.com.br/
Telessaúde UERJ,Laboratório de pesquisa,RJ,Rio de Janeiro,-22.9068,-43.1729,otd_cgee,https://www.telessaude.uerj.br/site/
Telessaúde UFMA,Laboratório de pesquisa,MA,São Luís,-2.5307,-44.3068,otd_cgee,https://telessaude.ufma.br/
Tiradentes Fab Lab,Laboratório de fabricação digital,SE,Aracaju,-10.9472,-37.0731,otd_cgee,https://tiradentesinnovation.com/
UCSGRAPHENE,Unidade Embrapii,RS,Caxias do Sul,-29.1685,-51.1794,otd_cgee,https://embrapii.org.br/unidades/unidade-embrapii-de-materiais-polimericos-e-nanomateriais-ucsgraphene-unidade-de-negocios-da-universidade-de-caxias-do-sul/
UFMG FARMAVAX,Unidade Embrapii,MG,Belo Horizonte,-19.9167,-43.9345,otd_cgee,https://embrapii.org.br/unidades/unidade-embrapii-de-inovacao-para-farmacos-e-vacinas-farmavax-ufmg/
UFOP - Mineração Sustentável,Unidade Embrapii,MG,Ouro Preto,-20.3856,-43.5035,otd_cgee,https://embrapii.org.br/unidades/unidadade-embrapii-em-mineracao-sustentavel-ufop-escola-de-minas/
UFSCAR - Materiais,Unidade Embrapii,SP,São Carlos,-22.0175,-47.8908,otd_cgee,https://embrapii.org.br/unidades/unidade-embrapii-de-materiais-ufscar-universidade-federal-de-sao-carlos/
Unidade Embrapii de Fibras Florestais DEF/UFV,Unidade Embrapii,MG,Viçosa,-20.7546,-42.8825,otd_cgee,https://embrapii.org.br/unidades/unidade-embrapii-de-fibras-florestais-def-ufv-departamento-de-engenharia-florestal-da-universidade-federal-de-vicosa/
VANZOLINI,Instituto de ciência e tecnologia (ICT),SP,São Paulo,-23.5505,-46.6333,otd_cgee,https://vanzolini.org.br/
VENTURUS,Instituto de ciência e tecnologia (ICT),AM,Manaus,-3.119,-60.0217,otd_cgee,https://www.venturus.org.br/
VERTEX,Instituto de ciência e tecnologia (ICT),AL,Maceió,-9.6498,-35.7089,otd_cgee,https://www.vertex.org.br/
VIRTUS,Laboratório de pesquisa,PB,Campina Grande,-7.2306,-35.8811,otd_cgee,https://www.virtus.ufcg.edu.br/
VivaBem,Centro de Pesquisa Aplicada em IA; Laboratório de pesquisa,SP,Campinas,-22.9099,-47.0626,otd_cgee,https://vivabem.unicamp.br/conheca/
VON BRAUN,Instituto de ciência e tecnologia (ICT); Laboratório de pesquisa,SP,Campinas,-22.9099,-47.0626,otd_cgee,https://regiaocampinas.org.br/centro-de-pesquisas-wernher-von-braun/
Vortex,Laboratório de pesquisa,CE,Fortaleza,-3.7172,-38.5433,otd_cgee,https://vortex.unifor.br/
Vox Radar,Laboratório de pesquisa,DF,Brasília,-15.7801,-47.9292,otd_cgee,https://www.voxradar.com.br/
XYZLab,Laboratório de pesquisa,RJ,Rio de Janeiro,-22.9068,-43.1729,otd_cgee,https://museu.xyz/
ZETTA/UFLA,Unidade Embrapii,MG,Lavras,-21.2453,-45.0,otd_cgee,https://embrapii.org.br/unidades/unidade-embrapii-de-agricultura-digital-zetta-ufla-universidade-federal-de-lavras/
CENAPAD-COPPE/UFRJ,Centro de Supercomputação,RJ,Rio de Janeiro,-22.9068,-43.1729,sinapad,http://www.nacad.ufrj.br
CENAPAD-CPTEC/INPE,Centro de Supercomputação,SP,Cachoeira Paulista,-22.6709,-45.0088,sinapad,http://www.cptec.inpe.br/
CENAPAD-INPA,Centro de Supercomputação,AM,Manaus,-3.1190,-60.0217,sinapad,http://cenapad-am.inpa.gov.br/
CENAPAD-LNCC,Centro de Supercomputação,RJ,Petrópolis,-22.5050,-43.1793,sinapad,http://www.cenapad-rj.lncc.br
CENAPAD-UFC,Centro de Supercomputação,CE,Fortaleza,-3.7431,-38.5734,sinapad,http://www.cenapad.ufc.br
CENAPAD-UFMG,Centro de Supercomputação,MG,Belo Horizonte,-19.9167,-43.9345,sinapad,https://www.lcc.ufmg.br/
CENAPAD-UFPE,Centro de Supercomputação,PE,Recife,-8.0476,-34.8770,sinapad,(sem site ativo)
CENAPAD-UFRGS,Centro de Supercomputação,RS,Porto Alegre,-30.0346,-51.2177,sinapad,http://www.cesup.ufrgs.br
CENAPAD-UNICAMP,Centro de Supercomputação,SP,Campinas,-22.9099,-47.0626,sinapad,http://www.cenapad.unicamp.br
Santos Dumont - LNCC,Centro de Supercomputação,RJ,Petrópolis,-22.5050,-43.1793,sinapad,http://sdumont.lncc.br
